idx,dayimg,name,category,addr,phone,main,quantity,genre,qualperprice,dayornight,rmood,pmood,who,whenn,purpose
1,시골통돼지볶음.jpeg,시골통돼지볶음,"식당,술집","부산광역시 금정구 부산대학로50번길 37 1층",051-515-7747,"김치찌개, 껍데기",많음,한식,가성비,"낮에,밤에","정감있는,시끌벅적한,활발한,한국감성","머리가복잡해,답답해,화가나,우울해,기분전환,행복해,신나,즐거워,만족스러워","애인과함께,친구와함께","추운날,비오는날,날씨좋은날","술마시기좋은,식사"
2,수림식당본점.jpeg,수림식당본점,식당,"부산광역시 금정구 금샘로 7",070-7779-1931,"탄탄멘, 가지만두",많음,중식,무난한,"낮에,밤에","시끌벅적한,정갈한,소소한,활기찬,비쥬얼좋은,중국감성","행복해,즐거워,무료해,평온해,설레,새로워","애인과함께,친구와함께","추운날,비오는날","식사,데이트하기좋은"
3,파나카B.jpeg,파나카B,카페,"부산광역시 금정구 금정로 94 파나카B",010-8855-3602,"커피, 크로플",많음,간식,무난한,"낮에,밤에","고급스러운,세련된,깔끔한,친절한,인테리어예쁜,트렌디한","평온해,무료해,감성터질때,즐거워,행복해,외로워","애인과함께,친구와함께,혼자서",날씨좋은날,"데이트하기좋은,공부하기좋은"
4,자마미등갈비.jpeg,자마미등갈비,"식당,술집","부산광역시 금정구 금강로 248-9",051-583-3193,숙주대파등갈비,중간,한식,서비스좋은,밤에,"친절한,분위기좋은,동남아감성,시끌벅적한,웨이팅","평온해,무료해,만족스러워","가족과함께,친구와함께","추운날,비오는날",술마시기좋은
5,의정서.jpeg,의정서,카페,"부산광역시 금정구 부산대학로38번길 21 1층 카페 의정서",010-8005-8032,"블랙라떼, 롱블랙",중간,간식,무난한,"낮에,밤에","힙한,모던한,독특한,인테리어예쁜,세련된,감각적인,분위기좋은,트렌디한,특색있는,인스타감성","행복해,감성터질때,센치해,설레,만족스러워,즐거워","애인과함께,친구와함께","비오는날,날씨좋은날","데이트하기좋은,사진찍기좋은"
6,카페민.jpeg,카페민,카페,"부산광역시 금정구 장전로20번길 27",0507-1497-2486,"민클라우드넛츠, 브라운치즈크로플",중간,간식,무난한,낮에,"분위기좋은,인테리어예쁜,아늑한,주택개조,포근한,힐링,베이지톤,특색있는,독특한,감각적인,고급스러운","행복해,평온해,설레,새로워","애인과함께,친구와함께","날씨좋은날,추운날","데이트하기좋은,사진찍기좋은,디저트"
7,모시모시.jpeg,모시모시,식당,"부산광역시 금정구 금강로 271-5",051-515-6245,모듬초밥,많음,일식,퀄리티좋은,"낮에,밤에","고급스러운,깔끔한,아늑한,우드톤,포근한,일본감성","행복해,만족스러워,기분전환,설레","애인과함께,친구와함께,가족과함께","추운날,날씨좋은날","데이트하기좋은,대접하기좋은,소개팅"
8,쿠카이야.jpeg,쿠카이야,식당,"부산광역시 금정구 부산대학로63번길 37",051-581-3004,"치쿠다마붓카케우동, 덴뿌라우동",많음,일식,퀄리티좋은,"낮에,밤에","일본감성,아늑한,전통있는,숨은","평온해,무료해,새로워,귀찮아,즐거워,센치해,지쳐,우울해,외로워","혼자서,친구와함께,애인과함께","추운날,비오는날",데이트하기좋은
9,델라고.jpeg,델라고,식당,"부산광역시 금정구 금강로 253-1",051-515-1504,"파스타, 스테이크",중간,양식,"퀄리티좋은,합리적인","낮에,밤에","분위기좋은,이탈리아감성,오래된","감성터질때,즐거워,행복해,설레,새로워,만족스러워,외로워","애인과함께,단체,혼자서,가족과함께,친구와함께","특별한날,날씨좋은날","데이트하기좋은,대접하기좋은,소개팅"
10,컵넛.jpeg,컵넛,카페,"부산광역시 금정구 금정로149번안길 18",051-923-1541,"시그니처 넛라떼, 링도넛",적음,간식,무난한,낮에,"인테리어예쁜,인스타감성,분위기좋은,깔끔한,심플한,베이지톤,따뜻한,포근한,웨이팅","행복해,신나,즐거워,평온해,무료해,설레","애인과함께,친구와함께",날씨좋은날,"데이트하기좋은,수다떨기좋은,디저트"
11,나오리쇼쿠.jpeg,나오리쇼쿠,식당,"부산광역시 금정구 금강로 271-14",070-7772-4128,"오차즈케, 연어덮밥",많음,일식,무난한,"낮에,밤에","정감있는,따뜻한,정갈한,전통있는","즐거워,평온해,무료해,설레,새로워,행복해","애인과함께,친구와함께","날씨좋은날,추운날","데이트하기좋은,사진찍기좋은,식사"
12,샤오시안.jpeg,샤오시안,"식당,술집","부산광역시 금정구 부산대학로50번길 16",051-624-2744,"유니짜장, 멘보샤, 칠리새우",중간,중식,가성비,밤에,"중국감성,시끌벅적한,오래된,전통있는","머리가복잡해,답답해,우울해,기분전환,지쳐,귀찮아","친구와함께,단체","추운날,비오는날",술마시기좋은
13,하얼빈.jpeg,하얼빈,"식당,술집","부산광역시 금정구 금정로 61-1",051-515-8744,"양꼬치, 양다리고기, 꿔바로우",많음,중식,"퀄리티좋은,가성비",밤에,"중국감성,시끌벅적한,즐거운","답답해,우울해,기분전환,행복해,센치해,즐거워",친구와함께,"추운날,비오는날",술마시기좋은
14,우마이도.jpeg,우마이도,식당,"부산광역시 금정구 금강로 247-5",051-514-8785,"돈코츠라멘, 짜릿하게매운라멘",중간,일식,"서비스좋은,푸짐한","낮에,밤에","일본감성,깔끔한,어두운","즐거워,평온해,무료해,행복해,외로워","친구와함께,혼자서","추운날,비오는날","식사,포장하기좋은"
15,스시심타카이.jpeg,스시심타카이,식당,"부산광역시 금정구 부산대학로 29",010-2847-3576,오마카세,많음,일식,"퀄리티좋은,가성비,",밤에,"일본감성,고급스러운,깔끔한,전문적인","기분전환,행복해,설레,만족스러워","애인과함께,친구와함께,가족과함께",특별한날,"데이트하기좋은,대접하기좋은"
16,띠리오.jpeg,띠리오,식당,"부산광역시 금정구 금정로 20 래미안 북측 정문 옆 상가건물 주연헤어 옆 띠리오",010-2989-2473,"직접빚은크림감자뇨끼, 아이언플랫 스테이크",적음,양식,퀄리티좋은,밤에,"이탈리아감성,고급스러운,따뜻한,분위기좋은,깔끔한,웨이팅","행복해,평온해,설레,새로워,만족스러워","애인과함께,친구와함께","특별한날,날씨좋은날","데이트하기좋은,대접하기좋은"
17,카페호밀.jpeg,카페호밀,카페,"부산광역시 금정구 금샘로 34",010-3156-0234,"소금버터빵, 호밀빵",중간,간식,무난한,낮에,"베이지톤,우드톤,따뜻한,아늑한,인테리어예쁜,인스타감성,힐링,정감있는,포근한","행복해,평온해,무료해,즐거워,설레,새로워,외로워","애인과함께,친구와함께,혼자서",날씨좋은날,"데이트하기좋은,디저트"
18,포맨티코.jpeg,포맨티코,식당,"부산광역시 금정구 장전로12번길 16",051-583-2682,"포맨티코 오리지널, 후난식 볶음밥",많음,기타,무난한,"낮에,밤에","분위기좋은,비쥬얼좋은,깔끔한,엔틱한","평온해,무료해,새로워,즐거워,기분전환,행복해","애인과함께,친구와함께","날씨좋은날,비오는날,추운날","데이트하기좋은,식사"
19,몰타.jpeg,몰타,술집,"부산광역시 금정구 부산대학로50번길 44 2층",010-6358-1426,"칵테일, 와인, 플레이트",중간,양식,무난한,밤에,"고급스러운,인테리어예쁜,세련된,분위기좋은,모던한,따뜻한,독특한,인스타감성,비쥬얼좋은,트렌디한,힙한","머리가복잡해,기분전환,설레,새로워,행복해,센치해,감성터질때","애인과함께,친구와함께","특별한날,비오는날,날씨좋은날","데이트하기좋은,사진찍기좋은,술마시기좋은"
20,4242샌드위치.jpeg,4242샌드위치,식당,"부산광역시 금정구 금강로321번길 30 1층 4242샌드위치",070-8865-4242,"4242blt, 스페셜 치아바타 칩",중간,양식,푸짐한,낮에,"신선한,건강한,푸짐한,다이어트","귀찮아,평온해,무료해,외로워",혼자서,날씨좋은날,"식사,포장하기좋은"
21,설어정.jpeg,설어정,식당,"부산광역시 금정구 장전로12번길 19",051-583-1239,"스테이크 한상",중간,양식,가성비,밤에,"분위기좋은,깔끔한,정갈한,집밥감성,고급스러운,특색있는,웨이팅","기분전환,행복해,즐거워,설레,새로워,만족스러워","애인과함께,가족과함께,친구와함께","날씨좋은날,특별한날","데이트하기좋은,대접하기좋은,사진찍기좋은,소개팅"
22,바닐바닐.jpeg,바닐바닐,카페,"부산광역시 금정구 장전온천천로 107 1층 onemorebite",010-2959-5905,"도시락미니케이크, 크로플",중간,간식,합리적인,낮에,"인스타감성,깔끔한,우드톤,베이지톤,아늑한,분위기좋은,인테리어예쁜,나들이","에너지넘쳐,즐거워,설레,새로워,기분전환","애인과함께,친구와함께","특별한날,날씨좋은날","데이트하기좋은,디저트,포장하기좋은"
23,하나이미.jpeg,하나이미,식당,"부산광역시 금정구 장전온천천로 63",051-583-0550,"밀푀유나베, 돈토로동",많음,일식,가성비,"낮에,밤에","인테리어예쁜,특색있는,조용한,아늑한,비쥬얼좋은,아담한","기분전환,설레,센치해,감성터질때,만족스러워,즐거워","애인과함께,친구와함께","추운날,비오는날",데이트하기좋은
24,신육간.jpeg,신육간,"식당,술집","부산광역시 금정구 금정로91번길 20",051-515-6668,"토시살 스테이크육, 부채살 스테이크육",중간,한식,"가성비,합리적인",밤에,"시끌벅적한,분위기좋은,웨이팅","우울해,기분전환,행복해,만족스러워,설레,즐거워",애인과함께,"날씨좋은날,특별한날","술마시기좋은,데이트하기좋은"
25,곱창이야기.jpeg,곱창이야기,술집,"부산광역시 금정구 부산대학로50번길 12",051-518-7740,"한우곱창모듬, 한우곱창전골",중간,한식,무난한,밤에,"시끌벅적한,활기찬,웨이팅,즐거운","머리가복잡해,답답해,화가나,우울해,기분전환,지쳐,행복해,신나,에너지넘쳐","친구와함께,가족과함께,애인과함께","추운날,비오는날",술마시기좋은
26,발빠닭.jpeg,발빠닭,술집,"부산광역시 금정구 금정로 89-1 1층",010-8534-2034,"발세트, 뼈없는닭발",중간,한식,무난한,밤에,"아늑한,시끌벅적한,활기찬,어두운","답답해,기분전환,즐거워,신나,즐거워,화가나,우울해","친구와함께,단체,애인과함께","추운날,비오는날",술마시기좋은
27,도르샐러드.jpeg,도르샐러드,카페,"부산광역시 금정구 부산대학로 30-3",070-8886-6328,"도르샐러드, 리코타치즈샐러드",많음,양식,무난한,낮에,"인테리어예쁜,건강한,밝은","평온해,무료해,귀찮아,외로워","혼자서,친구와함께",날씨좋은날,"가벼운식사,채식"
28,소풍경.jpeg,소풍경,식당,"부산광역시 금정구 장전온천천로 35",051-515-8439,"소풍경김밥, 소풍경초밥",적음,한식,가성비,"낮에,밤에","깔끔한,소소한,심플한,밝은,간단한,가벼운","귀찮아,평온해,무료해,외로워","친구와함께,혼자서",날씨좋은날,가벼운식사
29,가네쉬.jpeg,가네쉬,카페,"부산광역시 금정구 부곡온천천로 30 2층",051-201-2771,"나만의 토핑 요거트, 그릭 스트레인드 요거트",중간,간식,무난한,낮에,"깔끔한,분위기좋은,건강한,아기자기한한,심플한","평온해,무료해,귀찮아,설레,행복해,새로워,외로워","혼자서,친구와함께,애인과함께","날씨좋은날,비오는날","가벼운식사,디저트"
30,골목.jpeg,골목,술집,"부산광역시 금정구 부산대학로50번길 3-4",010-5055-7421,"퐁듀치즈새우, 한우곱창전골",중간,한식,무난한,밤에,"분위기좋은,시끌벅적한,인테리어예쁜,활기찬,음악이있는,어두운,웨이팅","기분전환,행복해,신나,즐거워,설레,새로워,센치해,답답해","친구와함께,애인과함께","날씨좋은날,추운날,비오는날",술마시기좋은
31,토비코.jpeg,토비코,식당,"부산광역시 금정구 금정로 45",051-515-0188,"새우크림,쇠고기알밥,토비코스테키",중간,일식,무난한,"낮에,밤에","깔끔한,분위기좋은,아기자기한한,인테리어예쁜,우드톤","평온해,무료해,설레,행복해,즐거워,외로워","애인과함께,친구와함께,단체,혼자서","날씨좋은날,추운날,비오는날",식사
32,서문국수.jpeg,서문국수,식당,"부산광역시 금정구 장전로12번길 32-5 서문국수",051-516-6555,"온국수, 비빔국수",많음,한식,가성비,"낮에,밤에","분위기좋은,베이지톤,깔끔한,인테리어예쁜","행복해,평온해,새로워,무료해,외로워","혼자서,친구와함께","비오는날,추운날",가벼운식사
33,카페붓.jpeg,카페붓,카페,"부산광역시 금정구 금강로 348",010-7695-6644,"붓라떼, 네이처 붓라떼, 붓카토",중간,간식,무난한,낮에,"분위기좋은,아늑한,인테리어예쁜,특색있는,힐링,인스타감성,독특한","기분전환,행복해,평온해,설레,새로워,감성터질때,센치해,외로워","애인과함께,친구와함께,혼자서","날씨좋은날,비오는날","데이트하기좋은,사진찍기좋은"
34,부산대우쭈쭈.jpeg,부산대우쭈쭈,"식당,술집","부산광역시 금정구 부산대학로49번길 19",051-583-5133,"쭈삼겹, 쭈불고기",중간,한식,무난한,"낮에,밤에","깔끔한,활기찬,시끌벅적한,정감있는","기분전환,새로워,평온해,즐거워",친구와함께,"추운날,비오는날,날씨좋은날","술마시기좋은,식사"
35,수림식당2호점.jpeg,수림식당2호점,식당,"부산광역시 금정구 금강로 286",051-517-1931,"탄탄멘, 가지만두",많음,중식,무난한,"낮에,밤에","따뜻한,깔끔한,소소한,정갈한,중국감성,웨이팅,활기찬,비쥬얼좋은","행복해,즐거워,무료해,평온해,설레,새로워","애인과함께,친구와함께","비오는날,추운날","식사,데이트하기좋은"
36,코하루.jpeg,코하루,식당,"부산광역시 금정구 부산대학로38번길 16",051-516-4392,"하카타 돈코츠 라멘, 매운 돈코츠 라멘",많음,일식,무난한,"낮에,밤에","일본감성,따뜻한,아담한,아늑한,도란도란,우드톤,웨이팅","행복해,신나,즐거워,평온해,센치해,답답해","애인과함께,친구와함께","비오는날,추운날","데이트하기좋은,식사"
37,시네마파라다이스.jpeg,시네마파라다이스,술집,"부산광역시 금정구 중앙대로1685번길 6",051-583-7040,"감바스 알 아히요, 매콤크림파스타",중간,양식,무난한,밤에,"분위기좋은,음악이있는,고급스러운,비쥬얼좋은,어두운,인스타감성,세련된","우울해,기분전환,행복해,즐거워,설레,새로워,센치해,감성터질때,만족스러워","애인과함께,친구와함께","날씨좋은날,특별한날","데이트하기좋은,술마시기좋은"
38,부산커피.jpeg,부산커피,카페,"부산광역시 금정구 장전온천천로 93",051-583-7171,"부산커피, 부산더치",중간,간식,무난한,"낮에,밤에","분위기좋은,인테리어예쁜,편한,깨끗한,조용한,깔끔한,심플한","답답해,행복해,즐거워,평온해,무료해,설레,외로워","애인과함께,친구와함께,혼자서",날씨좋은날,"공부하기좋은,데이트하기좋은,디저트"
39,백석.jpeg,백석,술집,"부산광역시 금정구 부산대학로38번길 23-1",010-4851-8648,"칵테일, 마약크래커",중간,양식,무난한,밤에,"분위기좋은,음악이있는,인스타감성,독특한,조용한,아늑한,레트로감성,인테리어예쁜,어두운,숨은,힐링","우울해,기분전환,행복해,즐거워,설레,새로워,센치해,감성터질때,만족스러워","애인과함께,친구와함께","추운날,비오는날","데이트하기좋은,술마시기좋은"
40,비윤.jpeg,비윤,카페,"부산광역시 금정구 금정로52번길 27",010-4226-1465,"하프앤하프, 낫띵 스페셜, 브라우니",중간,간식,무난한,낮에,"분위기좋은,인테리어예쁜,편한,따뜻한,힐링,인스타감성,주택개조,테라스","행복해,즐거워,평온해,무료해,설레,감성터질때","애인과함께,친구와함께",날씨좋은날,"수다떨기좋은,데이트하기좋은,사진찍기좋은"
41,도야지면옥.jpeg,도야지면옥,식당,"부산광역시 금정구 장전온천천로 39",051-937-7751,"얼넓은도야지국밥, 사골도야지국밥",많음,한식,무난한,"낮에,밤에","아늑한,따뜻한,깨끗한,깔끔한,정감있는,한국감성","행복해,지쳐,평온해,무료해,외로워","친구와함께,혼자서","추운날,비오는날",해장
42,보리종파티세리.jpeg,보리종파티세리,카페,"부산광역시 금정구 중앙대로 1667",051-513-5200,"올리브치아바타, 100%통밀빵",중간,간식,무난한,낮에,"건강한,인테리어예쁜,힐링","우울해,기분전환,행복해,평온해,외로워","친구와함께,혼자서",날씨좋은날,"포장하기좋은,디저트,가벼운식사"
43,구디너프.jpeg,구디너프,카페,"부산광역시 금정구 금정로52번길 21",010-4227-1465,"브리치즈사과샌드위치, 클럽샌드위치",중간,양식,무난한,낮에,"분위기좋은,인테리어예쁜,힐링,인스타감성,깔끔한,베이지톤","기분전환,행복해,신나,즐거워,평온해,설레,새로워","애인과함께,친구와함께",날씨좋은날,"가벼운식사,데이트하기좋은,사진찍기좋은"
44,신천닭도리.jpeg,신천닭도리,"식당,술집","부산광역시 금정구 금강로 271-6",051-582-2234,"닭도리탕, 켄터키 후라이드",많음,한식,무난한,밤에,"정감있는,아늑한,한국감성,오래된,따뜻한,시끌벅적한","머리가복잡해,답답해,우울해,기분전환,신나,즐거워,평온해","친구와함께,단체","비오는날,추운날",술마시기좋은
45,맛나감자탕.jpeg,맛나감자탕,"식당,술집","부산광역시 금정구 장전온천천로 73",051-512-8289,"맛나감자탕, 뼈해장국",많음,한식,무난한,"낮에,밤에","정감있는,깨끗한,시끌벅적한,쾌적한,한국감성,로컬의,오래된","귀찮아,무료해,평온해","가족과함께,친구와함께","비오는날,추운날","해장,식사"
46,촨촨향훠궈무한리필.jpeg,촨촨향훠궈무한리필,"식당,술집","부산광역시 금정구 부산대학로50번길 39 1층 촨촨향",051-581-8612,"훠궈무한리필, 마라탕",많음,중식,무난한,밤에,"중국감성,깔끔한,고급스러운","기분전환,신나,즐거워,평온해,답답해","친구와함께,애인과함께","비오는날,추운날,날씨좋은날",식사
47,에타리.jpeg,에타리,카페,"부산광역시 금정구 장전로18번길 23 1층",070-4015-3608,에그타르트,중간,간식,무난한,낮에,"우드톤,베이지톤,아늑한,따뜻한,밝은,분위기좋은,힐링","설레,새로워,행복해,우울해,기분전환,신나,즐거워,평온해","친구와함께,애인과함께",날씨좋은날,"데이트하기좋은,사진찍기좋은"
48,서빙고.jpeg,서빙고,카페,"부산광역시 금정구 장전로12번길 9",070-4195-5345,"옛날팥빙수, 찰떡빙수",중간,간식,가성비,낮에,"아담한,건강한,정감있는","머리가복잡해,답답해,우울해,행복해,신나,즐거워,지쳐,평온해,설레","친구와함께,애인과함께,가족과함께","날씨좋은날,추운날","디저트,데이트하기좋은"
49,웬디스키친.jpeg,웬디스키친,식당,"부산광역시 금정구 부산대학로50번길 54 1층 웬디스키친",010-9580-5118,"웬디스파스타, 웬디스브런치",적음,양식,무난한,"낮에,밤에","아담한,아기자기한한,귀여운,특색있는,인스타감성,베이지톤,인테리어예쁜,주택개조,러블리한","기분전환,즐거워,귀찮아,평온해,무료해,행복해,설레","친구와함께,애인과함께",날씨좋은날,"데이트하기좋은,사진찍기좋은"
50,텐퍼센트커피.jpeg,텐퍼센트커피,카페,"부산광역시 금정구 금정로 72",051-939-1375,"텐라떼, 아인슈페너",많음,간식,가성비,낮에,"깔끔한,베이지톤,밝은","행복해,평온해,무료해,외로워","친구와함께,혼자서",날씨좋은날,포장하기좋은
51,카페호탐.jpeg,카페호탐,카페,"부산광역시 금정구 부곡로141번길 9-2 1층 호시탐탐",010-5090-2110,"호탐의 당근이지",중간,간식,무난한,낮에,"비쥬얼좋은,분위기좋은,인스타감성,베이지톤,아늑한,인테리어예쁜,힐링","기분전환,행복해,즐거워,평온해,무료해,설레,새로워,센치해",애인과함께,"날씨좋은날,추운날,비오는날","데이트하기좋은,사진찍기좋은"
52,에픽키친.jpeg,에픽키친,"식당,술집","부산광역시 금정구 금정로 62-1",010-3239-0034,"포터하우스 스테이크, 티본스테이크, 프라임 꽃등심 스테이크",많음,양식,무난한,밤에,"분위기좋은,어두운,차분한,고급스러운,미적인","즐거워,설레,새로워,행복해,감성터질때,만족스러워",애인과함께,"특별한날,날씨좋은날","데이트하기좋은,소개팅"
53,텐동코하루.jpeg,텐동코하루,식당,"부산광역시 금정구 부산대학로49번길 43",051-517-4392,"코하루텐동, 특에비텐동",많음,일식,무난한,"낮에,밤에","인테리어예쁜,일본감성,아늑한,깨끗한,우드톤","기분전환,평온해,설레,행복해,외로워","친구와함께,애인과함께,혼자서","날씨좋은날,추운날",식사
54,레오앤아그너스.jpeg,레오앤아그너스,식당,"부산광역시 금정구 금강로 260-1 1층",070-7728-3201,"리코타치즈샐러드, 바질페스토샐러드",많음,양식,무난한,낮에,"분위기좋은,가벼운,베이지톤,밝은,감각적인,깔끔한,쾌적한","행복해,즐거워,설레,새로워,평온해,무료해,귀찮아,외로워","혼자서,친구와함께,애인과함께",날씨좋은날,"가벼운식사,채식"
55,카페씨유.jpeg,카페씨유,카페,"부산광역시 금정구 장전온천천로 85-1 1층",051-513-4326,"비스킷크림라떼, 피넛크림라떼, 에그바게트브런치",많음,간식,무난한,낮에,"인테리어예쁜,비쥬얼좋은,분위기좋은,건강한,아담한,아기자기한한,귀여운","행복해,즐거워,기분전환,평온해,설레,새로워","친구와함께,애인과함께",날씨좋은날,"데이트하기좋은,사진찍기좋은,디저트"
56,17테이블.jpeg,17테이블,식당,"부산광역시 금정구 금정로60번길 20",051-518-1718,"새우로제크림파스타, 알리오올리오",많음,양식,무난한,밤에,"분위기좋은,깔끔한,따뜻한,은은한,인테리어예쁜,음악이있는","만족스러워,즐거워,행복해,설레,새로워,행복해","애인과함께,가족과함께","특별한날,날씨좋은날","소개팅,데이트하기좋은"
57,오키나와키친미도우.jpeg,오키나와키친미도우,"식당,술집","부산광역시 금정구 장전로12번길 50 1층 오키나와키친",051-582-6983,"타코라이스, 카라아게돈, 오니기리",중간,일식,무난한,"낮에,밤에","일본감성,깨끗한,인테리어예쁜,아담한,아기자기한한,도란도란","즐거워,평온해,무료해,행복해","애인과함께,친구와함께","날씨좋은날,추운날","데이트하기좋은,식사"
58,벤스하버.jpeg,벤스하버,술집,"부산광역시 금정구 장전로12번길 24",051-518-3771,"장전에일, 크림새우그라탕",중간,양식,무난한,밤에,"아늑한,조용한,어두운,분위기좋은,비쥬얼좋은","답답해,우울해,기분전환,행복해,신나,즐거워,지쳐,설레,새로워,감성터질때,센치해,만족스러워","친구와함께,애인과함께","날씨좋은날,비오는날","술마시기좋은,수다떨기좋은"
59,개성상인.jpeg,개성상인,"식당,술집","부산광역시 금정구 금강로 248-5",051-515-5253,"무한a세트, 무한 b세트",많음,한식,무난한,밤에,"깔끔한,분위기좋은,시끌벅적한,한국감성","우울해,에너지넘쳐,기분전환","단체,친구와함께","날씨좋은날,추운날","술마시기좋은,수다떨기좋은"
60,교토밥상.jpeg,교토밥상,식당,"부산광역시 금정구 금강로 270",070-4122-5858,"규카츠, 스테키동",중간,일식,퀄리티좋은,"낮에,밤에","비쥬얼좋은,일본감성,고급스러운","행복해,즐거워,평온해,새로워","친구와함께,애인과함꼐","날씨좋은날,추운날","데이트하기좋은,식사"
61,이솝.jpeg,이솝,카페,"부산광역시 금정구 장전로 10 가온메디컬 101호",051-516-7673,"이솝blt, 잠봉뵈르",많음,양식,퀄리티좋은,낮에,"프랑스감성,아기자기한한,인테리어예쁜,엔틱한,심플한,예쁜,기쁜,아름다운,주택개조","평온해,무료해,설레,즐거워,행복해,기분전환","애인과함께,친구와함께",날씨좋은날,"데이트하기좋은,포장하기좋은,가벼운식사"
62,카츠안.jpeg,카츠안,식당,"부산광역시 금정구 금정로 59-8",051-517-5133,"초밥카츠, 치즈카츠",중간,일식,퀄리티좋은,"낮에,밤에","친절한,아기자기한한,밝은,깔끔한,웨이팅,일본감성","행복해,귀찮아,평온해,새로워,설레","친구와함께,애인과함께",날씨좋은날,식사
63,투고샐러드.jpeg,투고샐러드,식당,"부산광역시 금정구 부산대학로64번길 16",051-516-6552,"목살스테이크샐러드, 닭가슴살스테이크 샐러드",많음,양식,무난한,낮에,"즐거운,가벼운,쾌적한,깔끔한,건강한,밝은","지쳐,귀찮아,평온해,무료해,행복해,외로워","혼자서,친구와함께",날씨좋은날,"가벼운식사,채식"
64,노브랜드버거.jpeg,노브랜드버거,식당,"부산광역시 금정구 부산대학로 26 고성빌딩 1층, 2층",051-512-7769,"nbb시그니처, nbb오리지널",많음,기타,가성비,"낮에,밤에","깔끔한,색다른,깨끗한,패스트푸드","평온해,무료해,즐거워,지쳐,우울해,외로워","혼자서,친구와함께,가족과함께","날씨좋은날,추운날,비오는날",식사
65,인디키친.jpeg,인디키친,식당,"부산광역시 금정구 장전로12번길 50",070-7340-0555,"치킨티카마살라커리, 치킨탄두리",많음,기타,퀄리티좋은,낮에,"인도감성,깨끗한,인테리어예쁜","기분전환,행복해,즐거워,설레,새로워,만족스러워","애인과함께,친구와함께",특별한날,데이트하기좋은
66,오야지스시.jpeg,오야지스시,식당,"부산광역시 금정구 금정로52번길 39",051-517-1508,"오야지스시세트, 연어세트",많음,일식,무난한,"낮에,밤에","오래된,친절한,아기자기한한,분위기좋은,예쁜,일본감성","행복해,평온해,새로워,만족스러워,설레","애인과함께,가족과함께",날씨좋은날,"데이트하기좋은,술마시기좋은,식사"
67,머스마롱.jpeg,머스마롱,카페,"부산광역시 금정구 부산대학로64번길 133 1층 머스마롱",010-8259-9453,마카롱,중간,간식,무난한,낮에,"다양한,비쥬얼좋은,활기찬,생기있는","머리가복잡해,우울해,기분전환,행복해,신나,즐거워,지쳐,평온해,설레,외로워","애인과함께,친구와함께,혼자서","날씨좋은날,특별한날","포장하기좋은,디저트"
68,사사야키.jpeg,사사야키,식당,"부산광역시 금정구 부산대학로49번길 33",051-977-4321,"돈코츠 원라멘, 돈코츠 수라멘",중간,일식,서비스좋은,밤에,"아담한,아늑한,친절한,일본감성,깔끔한","평온해,무료해,설레,새로워,지쳐,우울해","혼밥가능,친구와함께,애인과함께","추운날,비오는날",식사
69,곁집.jpeg,곁집,식당,"부산광역시 금정구 금강로 254",010-7167-0400,"육회비빔밥, 돌솥비빔밥",많음,한식,무난한,낮에,"정감있는,집밥감성,깔끔한,한국감성","행복해,평온해,무료해,새로워","친구와함께,애인과함께",날씨좋은날,식사
70,레오.jpeg,레오,술집,"부산광역시 금정구 장전로20번길 22 1층, 레오",010-9839-7790,"매콤크림우동, 물총조개파스탕",많음,양식,퀄리티좋은,"낮에,밤에","친절한,숨은,아담한,예쁜,즐거운,분위기좋은","기분전환,행복해,즐거워,설레,새로워,만족스러워","애인과함께,친구와함께","날씨좋은날,비오는날,추운날","데이트하기좋은,술마시기좋은"
71,홍익돈까스.jpeg,홍익돈까스,식당,"부산광역시 금정구 금강로 258",051-515-3737,"왕돈까스, 치즈까스",많음,일식,가성비,낮에,"독특한,깔끔한,푸짐한","기분전환,평온해,무료해,행복해","친구와함께,애인과함께",날씨좋은날,식사
72,미도리스시.jpeg,미도리스시,"식당,술집","부산광역시 금정구 금정로91번길 16",051-513-4223,"점심특선, 오마카세",중간,일식,퀄리티좋은,"낮에,밤에","일본감성,고급스러운,전문적인","만족스러워,즐거워,행복해,평온해,기분전환,설레","애인과함께,가족과함께","날씨좋은날,추운날",데이트하기좋은
73,월면가금정점.jpeg,월면가금정점,식당,"부산광역시 금정구 장전로 16-1 1층",051-991-1717,"소고기쌀국수, 파인애플볶음밥",많음,기타,"가성비좋은,합리적인",낮에,"동남아감성,깔끔한,깨끗한,친절한","평온해,무료해,지쳐,외로워","친구와함께,혼자서","날씨좋은날,추운날,비오는날",식사
74,돼지집딸.jpeg,돼지집딸,"식당,술집","부산광역시 금정구 부산대학로50번길 26",051-512-5550,"오겹살, 목살",중간,한식,퀄리티좋은,밤에,"편한,즐거운,시끌벅적한","만족스러워,머리가복잡해,답답해,우울해,기분전환","친구와함께,가족과함께","날씨좋은날,추운날,비오는날",술마시기좋은
75,삼세랑.jpeg,삼세랑,"식당,술집","부산광역시 금정구 중앙대로 1588",051-923-3434,"가정식, 해물 누룽지탕 정식",많음,한식,퀄리티좋은,"낮에,밤에","친절한,정감있는,한국감성,건강한,깔끔한,집밥감성,편한","기분전환,즐거워,설레,새로워,행복해,평온해","애인과함께,가족과함께","날씨좋은날,비오는날","술마시기좋은,데이트하기좋은"
76,모구모구베이커리.jpeg,모구모구베이커리,카페,"부산광역시 금정구 부산대학로64번길 133",051-901-9060,"타마고산도, 소금",중간,간식,무난한,낮에,"가벼운,아기자기한한,귀여운,예쁜,몽실몽실한,따뜻한,밝은,아늑한","우울해,기분전환,행복해,즐거워,지쳐,평온해,무료해,설레,외로워","애인과함께,혼자서","날씨좋은날,비오는날,추운날","포장하기좋은,디저트"
77,카페드팽.jpeg,카페드팽,카페,"부산광역시 금정구 금강로 247-7 1층,2층,지하층",070-4184-1869,"아메리카노, 디저트류",중간,간식,퀄리티좋은,낮에,"분위기좋은,기분좋은,깔끔한,밝은","행복해,즐거워,평온해,무료해,새로워,답답해,머리가복잡해,귀찮아,외로워","애인과함께,혼자서,친구와함께","날씨좋은날,비오는날,추운날","공부하기좋은,과제하기좋은,디저트"
78,강다짐삼각김밥.jpeg,강다짐삼각김밥,식당,"부산광역시 금정구 부산대학로64번길 6",070-7607-0986,"참치마요, 강다짐",적음,한식,"가성비,저렴한",낮에,"간단한,가벼운","지쳐,귀찮아,평온해,무료해,우울해,외로워","친구와함께,혼자서","날씨좋은날,비오는날,추운날","가벼운식사,포장하기좋은"
79,정직유부.jpeg,정직유부,식당,"부산광역시 금정구 금강로 253",051-583-0889,"크래미불고기유부, 볶음김치유부",많음,한식,가성비,"낮에,밤에","간단한,깨끗한,깔끔한","즐거워,귀찮아,평온해,무료해,외로워","친구와함께,혼자서","날씨좋은날,비오는날,추운날","가벼운식사,포장하기좋은"
80,칠칠켄터키.jpeg,칠칠켄터키,"식당,술집","부산광역시 금정구 금강로 271-8",051-518-9777,"후라이드켄터키치킨, 깐풍 켄터키치킨",많음,기타,가성비,밤에,"색다른,옛날의,로컬의,치맥감성,패스트푸드","기분전환,신나,답답해,우울해,평온해,지쳐","친구와함께,단체","날씨좋은날,비오는날,추운날","식사,술마시기좋은"
81,뉴숯불통닭.jpeg,뉴숯불통닭,"식당,술집","부산광역시 금정구 금강로335번길 55",051-514-3885,"후라이드치킨, 양념치킨",중간,한식,무난한,밤에,"오래된,로컬의,옛날의,친근한,정감있는,치맥감성,패스트푸드","머리가복잡해,답답해,우울해,기분전환,즐거워,신나","친구와함께,애인과함께","비오는날,추운날","식사,술마시기좋은"
82,라프.jpeg,라프,카페,"부산광역시 금정구 장전로20번길 23",010-5598-5735,"아인슈페너, 라프에이드, 플레인크로플",중간,간식,퀄리티좋은,낮에,"모던한,예쁜,분위기좋은,비쥬얼좋은,편한,힐링,친절한,힙한","우울해,기분전환,행복해,즐거워,설레,새로워,신나","애인과함께,친구와함께","날씨좋은날,비오는날","가벼운식사,브런치,데이트하기좋은"
83,카페어리브.jpeg,카페어리브,카페,"부산광역시 금정구 중앙대로 1614 마운틴동 1층",010-2270-0459,"카야토스트, brt샌드위치",중간,양식,퀄리티좋은,낮에,"아늑한,베이지톤,깔끔한,인테리어예쁜,깨끗한,브런치,가벼운,신선한,분위기좋은,친절한","기분전환,즐거워,평온해,귀찮아,센치해,무료해,설레,행복해","애인과함께,친구와함께",날씨좋은날,"사진찍기좋은,데이트하기좋은"
84,정희옥스시.jpeg,정희옥스시,식당,"부산광역시 금정구 부산대학로 33-28",051-515-4146,"모듬초밥, 1인세트",중간,일식,"가성비,퀄리티좋은","낮에,밤에","가벼운,프라이빗한,일본감성,우드톤,아늑한","행복해,평온해,만족스러워,설레","친구와함께,애인과함께","날씨좋은날,비오는날","식사,데이트하기좋은"
85,파스타바니타.jpeg,파스타바니타,"식당,술집","부산광역시 금정구 금강로 248-10",051-513-3314,"파스타, 피자",많음,양식,퀄리티좋은,"낮에,밤에","고급스러운,분위기좋은,즐거운,정성스러운,도란도란,인테리어예쁜","기분전환,행복해,즐거워,설레,새로워,만족스러워","애인과함께,가족과함께","특별한날,날씨좋은날",데이트하기좋은
86,배씨상회.jpeg,배씨상회,술집,"부산광역시 금정구 금강로 232",010-3358-0611,"어묵탕, 스지, 꼬막",많음,일식,퀄리티좋은,밤에,"숨은,깔끔한,정갈한,진짜의","머리가복잡해,우울해,지쳐,평온해,센치해,행복해","친구와함께,애인과함께","비오는날,추운날","술마시기좋은,데이트하기좋은"
87,롤링파스타.jpeg,롤링파스타,식당,"부산광역시 금정구 부산대학로64번길 34 2층",051-518-0419,파스타,중간,양식,가성비,"낮에,밤에","분위기좋은,깔끔한,고급스러운,예쁜","기분전환,행복해,즐거워,평온해,무료해,새로워","친구와함께,애인과함께","날씨좋은날,추운날","식사,데이트하기좋은"
88,스시심.jpeg,스시심,식당,"부산광역시 금정구 금강로 279-1",051-515-3088,오마카세,많음,일식,무난한,밤에,"친절한,고급스러운,일본감성,분위기좋은","만족스러워,즐거워,행복해,새로워,설레",애인과함께,"특별한날,날씨좋은날","데이트하기좋은,소개팅,대접하기좋은"
89,다락마을.jpeg,다락마을,식당,"부산광역시 금정구 금정로60번길 40",051-513-8003,"스테이크, 빠네파스타, 파스타, 필라프",적음,양식,가성비,낮에,"깔끔한,깨끗한,친절한,아늑한,따뜻한","기분전환,행복해,평온해,설레,새로워","애인과함께,친구와함께",날씨좋은날,"식사,데이트하기좋은"
90,카카오두.jpeg,카카오두,카페,"부산광역시 금정구 금강로 277",010-7399-9702,"초코 디저트",중간,간식,서비스좋은,낮에,"비쥬얼좋은,도란도란,우드톤,신기한,오래된","답답해,우울해,기분전환,행복해,평온해,무료해,설레,새로워","친구와함께,애인과함께",날씨좋은날,"데이트하기좋은,수다떨기좋은,디저트"
91,이솝페이블.jpeg,이솝페이블,카페,"부산광역시 금정구 금정로60번길 16",051-517-7673,"타르트, 디저트, 와플, 음료",중간,간식,무난한,낮에,"아늑한,따뜻한,분위기좋은,힐링,숨은,예쁜,즐거운,아기자기한한,빛나는,사랑스러운","기분전환,행복해,평온해,설레,새로워","애인과함께,친구와함께",날씨좋은날,"데이트하기좋은,사진찍기좋은"
92,테라스원.jpeg,테라스원,술집,"부산광역시 금정구 장전온천천로 51",051-517-5151,"맥주, 감자튀김, 안주",중간,양식,무난한,밤에,"분위기좋은,힐링,시끌벅적한,뷰가좋은,테라스,루프탑","머리가복잡해,답답해,기분전환,행복해,신나,에너지넘쳐,즐거워,설레,새로워,만족스러워,감성터질때",애인과함께,"특별한날,날씨좋은날","데이트하기좋은,소개팅"
93,블루그로토.jpeg,블루그로토,카페,"부산광역시 금정구 장전온천천로73번길 14 1층 블루그로토",010-6662-8243,브런치,중간,양식,무난한,낮에,"클래식한,아기자기한한,고급스러운,색다른,예쁜,즐거운,힐링,분위기좋은,브런치,청량한","행복해,즐거워,평온해,무료해,새로워,설레","애인과함께,친구와함께",날씨좋은날,데이트하기좋은
94,카페부곡.jpeg,카페부곡,카페,"부산광역시 금정구 동부곡로15번길 38",010-2995-8660,"아이스크림, 밀크티, 디저트",중간,간식,무난한,낮에,"아늑한,따뜻한,모던한,인테리어예쁜,감각적인,음악이있는,주택개조,특색있는,인스타감성","기분전환,우울해,행복해,평온해,무료해,설레,새로워","애인과함께,친구와함께","날씨좋은날,비오는날","데이트하기좋은,사진찍기좋은,디저트"
95,일가인우리집.jpeg,일가인우리집,식당,"부산광역시 금정구 금강로321번길 60 1층",010-4367-1018,"중국 가정식, 마파두부, 지삼선, 토마토달걀볶음",중간,중식,무난한,낮에,"편한,전통있는,중국감성,깨끗한,집밥감성","평온해,무료해","친구와함께,가족과함께,애인과함께",날씨좋은날,식사
96,디프런트데이즈.jpeg,디프런트데이즈,카페,"부산광역시 금정구 장전로12번길 11",010-7558-0888,"커피, 디저트, 맥주",중간,간식,무난한,"낮에,밤에","분위기좋은,힙한,빈티지한,감각적인,예쁜,테라스,주택개조","기분전환,행복해,즐거워,평온해,설레,새로워","애인과함께,친구와함께","특별한날,날씨좋은날","데이트하기좋은,디저트,사진찍기좋은"
97,장수돌곱창.jpeg,장수돌곱창,술집,"부산광역시 금정구 온천장로125번길 60",051-582-9787,곱창전골,중간,한식,무난한,밤에,"로컬의,즐거운,그리운,시끌벅적한","머리가복잡해,답답해,기분전환,지쳐,우울해","친구와함께,가족과함께","추운날,비오는날",술마시기좋은
98,25디셈브리스.jpeg,25디셈브리스,카페,"부산광역시 금정구 장전로12번길 34",010-8338-6828,"커피, 와플",중간,간식,무난한,낮에,"조용한,예쁜,분위기좋은,즐거운,신나는","기분전환,신나,에너지넘쳐,즐거워,감성터질때,행복해","친구와함께,애인과함께",날씨좋은날,"수다떨기좋은,공부하기좋은"
99,리멘시타.jpeg,리멘시타,식당,"부산광역시 금정구 금강로 254",051-513-1001,"라자냐, 화덕피자, 고르곤졸라, 리조또",중간,양식,무난한,밤에,"아늑한,따뜻한,분위기좋은,즐거운,우드톤","행복해,신나,즐거워,평온해,설레","친구와함께,애인과함께","날씨좋은날,추운날","소개팅,데이트하기좋은"
100,몽포트.jpeg,몽포트,식당,"부산광역시 금정구 부산대학로63번길 7",051-583-0981,"스테이크, 파스타, 라코타치즈 셀러드",중간,양식,퀄리티좋은,밤에,"아늑한,따뜻한,분위기좋은,편한","행복해,신나,즐거워,평온해,설레","애인과함께,가족과함께","특별한날,날씨좋은날","데이트하기좋은,웨딩,소개팅"
101,얼큰이샤브샤브칼국수.jpeg,얼큰이샤브샤브칼국수,식당,"부산광역시 금정구 식물원로75번길 46",051-557-7766,"만두, 김치만두, 샤브샤브",중간,한식,무난한,밤에,"깨끗한,예쁜,한국감성,로컬의,따뜻한","기분전환,평온해,무료해,행복해,지쳐","친구와함께,가족과함께","추운날,비오는날",식사
102,빈스에스프레소.jpeg,빈스에스프레소,카페,"부산광역시 금정구 금정로 59-7",051-515-2248,"커피, 디저트",중간,간식,무난한,"낮에,밤에","분위기좋은,깔끔한,예쁜","행복해,즐거워,평온해,무료해,외로워","애인과함께,혼자서",날씨좋은날,"공부하기좋은,데이트하기좋은"
103,대길고추불고기.jpeg,대길고추불고기,식당,"부산광역시 금정구 장전로 47",051-516-4707,고추장불고기,중간,한식,가성비,"낮에,밤에","숨은,로컬의,시끌벅적한,그리운,추억","신나,즐거워,기분전환,평온해,우울해,머리가복잡해","친구와함께,가족과함께",비오는날,식사
104,텐동롯코.jpeg,텐동롯코,식당,"부산광역시 금정구 부산대학로49번길 38",051-518-8482,ROKKO텐동,중간,일식,퀄리티좋은,"낮에,밤에","쾌적한,깔끔한,정갈한,일본감성","평온해,무료해,행복해","애인과함께,친구와함께",날씨좋은날,"데이트하기좋은,식사"
105,마마도마.jpeg,마마도마,식당,"부산광역시 금정구 금강로 248-5",051-582-9711,"연어 초밥, 연어 덮밥",중간,일식,퀄리티좋은,"낮에,밤에","아기자기한한,분위기좋은,귀여운,일본감성,정갈한,온화한,따뜻한,인스타감성,힐링","평온해,설레,새로워,행복해,기분전환,즐거워,지쳐","애인과함께,친구와함께",날씨좋은날,"데이트하기좋은,식사"
106,11월29일.jpeg,11월29일,카페,"부산광역시 금정구 장전로20번길 28",010-8224-5540,"브라우니, 마카롱, 디저트",중간,간식,퀄리티좋은,낮에,"조용한,심플한,예쁜,아기자기한한,인스타감성","설레,새로워,행복해,센치해,만족스러워,즐거워,평온해","애인과함께,친구와함께","특별한날,날씨좋은날","데이트하기좋은,수다떨기좋은,디저트"
107,대패가1900.jpeg,대패가1900,식당,"부산광역시 금정구 부산대학로49번길 8",051-512-9938,대패삼겹살,많음,한식,가성비,밤에,"로컬의,옛날의,시끌벅적한","머리가복잡해,답답해,화가나,우울해,기분전환,지쳐","단체,친구와함께","추운날,비오는날",술마시기좋은
108,이태리삼촌.jpeg,이태리삼촌,식당,"부산광역시 금정구 동부곡로5번길 83",070-8259-8403,"모듬돈가스, 안심돈가스",중간,양식,퀄리티좋은,밤에,"아기자기한한,분위기좋은,귀여운,숨은,고급스러운","설레,새로워,행복해,감성터질때,즐거워,행복해,기분전환,만족스러워",애인과함께,"날씨좋은날,추운날","사진찍기좋은,데이트하기좋은"
109,마린파스타.jpeg,마린파스타,"식당,술집","부산광역시 금정구 부산대학로63번길 47",051-913-2399,"파스타, 리조또",중간,양식,"가성비,퀄리티좋은","낮에,밤에","분위기좋은,고급스러운,예쁜,깔끔한","설레,행복해,신나,평온해,즐거워,행복해,","애인과함께,가족과함께","날씨좋은날,특별한날","데이트하기좋은,식사"
110,칠성돌곱창.jpeg,칠성돌곱창,"식당,술집","부산광역시 금정구 부산대학로49번길 49",051-515-1061,"곱창전골, 곱창",많음,한식,무난한,밤에,"깨끗한,유명한,시끌벅적한,그리운,로컬의","머리가복잡해,답답해,화가나,우울해,기분전환,즐거워,만족스러워,지쳐","친구와함께,애인과함께","추운날,비오는날",술마시기좋은
111,시어링앤스터프.jpeg,시어링앤스터프,"식당,술집","부산광역시 금정구 부산대학로49번길 52",051-518-6227,"파스타, 리조또",중간,양식,가성비,밤에,"조용한,분위기좋은,고급스러운","설레,행복해,신나,즐거워,기분전환,만족스러워","애인과함께,가족과함께","특별한날,날씨좋은날",데이트하기좋은
112,인디저트.jpeg,인디저트,카페,"부산광역시 금정구 금정로 59-9",051-515-6800,"홍차 롤케이크, 에프터눈티 세트",중간,간식,퀄리티좋은,"낮에,밤에","깔끔한,분위기좋은,고급스러운,힐링","설레,행복해,신나,즐거워,기분전환,감성터질때,센치해,평온해,외로워","친구와함께,애인과함께,혼자서","날씨좋은날,비오는날,추운날","데이트하기좋은,수다떨기좋은,디저트"
113,계성상회.jpeg,계성상회,식당,"부산광역시 금정구 장전로18번길 7",051-581-9990,"닭 다릿살 정식, 닭 목살 정식, 뼈없는 닭볶음탕",중간,한식,가성비,"낮에,밤에","깔끔한,인테리어예쁜,주택개조,우드톤,정갈한,집밥감성","설레,행복해,신나,즐거워,기분전환,만족스러워,평온해,무료해","애인과함께,가족과함께,친구와함께","날씨좋은날,추운날","데이트하기좋은,술마시기좋은,식사"
114,스시투어.jpeg,스시투어,"식당,술집","부산광역시 금정구 부산대학로63번길 2 6층",051-517-0477,"레일 위 초밥, 주문 초밥",중간,일식,퀄리티좋은,"낮에,밤에","정갈한,청결한,깔끔한,일본감성","평온해,무료해,행복해,귀찮아,기분전환,만족스러워,즐거워",가족과함께,날씨좋은날,식사
115,마리웨일237.jpeg,마리웨일237,카페,"부산광역시 금정구 금강로 251 1층",051-512-2002,"프랑스마카롱. 다쿠와즈",중간,기타,무난한,낮에,"깔끔한,학생감성","평온해,무료해,기분전환,행복해,신나,즐거워,설레,지쳐,귀찮아","친구와함께,애인과함께",날씨좋은날,"포장하기좋은,디저트"
116,김해뒷고기고가.jpeg,김해뒷고기고가,"식당,술집","부산광역시 금정구 금강로 276-9",051-517-6148,"뒷고기, 껍데기",중간,한식,가성비,밤에,"로컬의,시끌벅적한,그리운,즐거운","신나,에너지넘쳐,즐거워,기분전환,평온해,무료해,행복해,화가나,답답해,우울해,절망스러워","친구와함께,단체","추운날,비오는날",술마시기좋은
117,소다미김밥.jpeg,소다미김밥,식당,"부산광역시 금정구 금강로 271-4",051-518-7518,"소다미김밥, 라면",중간,한식,가성비,"낮에,밤에","아담한,정감있는,학생감성","무료해,평온해,귀찮아,머리가복잡해,행복해,외로워","친구와함께,혼자서","날씨좋은날,비오는날",식사
118,카페열한시.jpeg,카페열한시,카페,"부산광역시 금정구 부산대학로64번길 24",051-583-0046,"크루아상, 베이커리",중간,간식,퀄리티좋은,낮에,"예쁜,즐거운,따뜻한","감성터질때,설레,행복해,즐거워","친구와함께,애인과함께",날씨좋은날,"포장하기좋은,디저트"
119,닭갈비제작소.jpeg,닭갈비제작소,식당,"부산광역시 금정구 금정로 71",051-513-0223,"닭갈비 무한리필",많음,한식,가성비,밤에,"숯불감성,옛날의,한국감성,오래된,시끌벅적한","머리가복잡해,답답해,화가나,우울해,기분전환,지쳐,즐거워,무료해","친구와함께,가족과함께","추운날,비오는날",식사
120,정진영펍.jpeg,정진영펍,술집,"부산광역시 금정구 금강로 271",051-583-4230,"미트오지치즈포테이토, 투우바파스타",중간,기타,퀄리티좋은,밤에,"뷰가좋은,분위기좋은,고급스러운","머리가복잡해,우울해,센치해,감성터질때,기분전환,즐거워,설레,새로워",애인과함께,"특별한날,비오는날,추운날","술마시기좋은,데이트하기좋은"
121,퍼스트부엌.jpeg,퍼스트부엌,식당,"부산광역시 금정구 장전온천천로 85-1",051-513-2900,"팟타이, 푸 팟 퐁커리, 파스타",중간,기타,가성비,"낮에,밤에","분위기좋은,고급스러운,예쁜,태국감성,인테리어예쁜","행복해,신나,즐거워,평온해,설레,만족스러워,새로워","친구와함께,애인과함께","특별한날,날씨좋은날",데이트하기좋은
122,정가대박집.jpeg,정가대박집,"식당,술집","부산광역시 금정구 중앙대로 1680",051-583-1008,대패삼겹살,중간,한식,가성비,밤에,"깔끔한,옛날의,기똥찬,시끌벅적한","답답해,우울해,기분전환,절망스러워,지쳐,즐거워,에너지넘쳐,행복해","가족과함께,단체","추운날,비오는날",술마시기좋은
123,25디셈브리스펍.jpeg,25디셈브리스펍,술집,"부산광역시 금정구 금강로 246 지하 1층",010-9525-2810,"생맥주, 보드카, 진토닉",중간,기타,퀄리티좋은,밤에,"분위기좋은,어두운,예쁜,조용한,즐거운,신나는","머리가복잡해,화가나,우울해,센치해,감성터질때,기분전환,즐거워,설레,새로워,행복해,","친구와함께,애인과함께","특별한날,비오는날",술마시기좋은
124,써브웨이부산대역점.jpeg,써브웨이부산대역점,식당,"부산광역시 금정구 금정로60번길 40",051-517-3331,"로스트 치킨. 샌드위치",중간,양식,무난한,"낮에,밤에","깨끗한,건강한,활기찬,신선한","지쳐,귀찮아,기분전환,평온해,무료해,즐거워,행복해,외로워,설레","혼자서,친구와함께",날씨좋은날,"포장하기좋은,가벼운식사"
125,4rr사르르.jpeg,4rr사르르,카페,"부산광역시 금정구 금강로 273",051-583-0552,"사르르 바닐라크림커피, 샌드위치",중간,간식,가성비,낮에,"즐거운,건강한,깔끔한,심플한,아기자기한","평온해,무료해,즐거워,행복해,설레,기분전환",친구와함께,날씨좋은날,"가벼운식사,포장하기좋은,디저트"
126,크라운닭발.jpeg,크라운닭발,술집,"부산광역시 금정구 부산대학로38번길 12",051-583-6539,"짜글이닭발, 조개탕",중간,한식,무난한,밤에,"분위기좋은,시끌벅적한,즐거운,활기찬,포차감성","머리가복잡해,답답해,화가나,우울해,기분전환,무료해,즐거워,센치해","친구와함께,애인과함께","비오는날,추운날",술마시기좋은
127,행님포차.jpeg,행님포차,술집,"부산광역시 금정구 부산대학로49번길 19",051-583-7960,"곱창전골, 모둠조개탕",중간,한식,퀄리티좋은,밤에,"분위기좋은,그리운,즐거운,시끌벅적한,포차감성","에너지넘쳐,신나,머리가복잡해,기분전환,행복해,즐거워",친구와함께,"추운날,비오는날",술마시기좋은
128,조선화로집.jpeg,조선화로집,"식당,술집","부산광역시 금정구 식물원로 25",051-583-9194,"꽃갈비정식, 보석살정식",중간,한식,퀄리티좋은,밤에,"눈부신,멋있는,숯불감성,시끌벅적한,쾌적한","머리가복잡해,답답해,화가나,우울해,기분전환,절망스러워,행복해,즐거워,신나","친구와함께,애인과함께,가족과함께","추운날,비오는날",술마시기좋은
129,더만족.jpeg,더만족,"식당,술집","부산광역시 금정구 금강로279번길 3",051-581-6866,"한수족발, 광수족발, 족발볶음",많음,한식,가성비,밤에,"추억,즐거운,시끌벅적한,그리운","신나,에너지넘쳐,행복해,즐거워,답답해,화가나,기분전환,만족스러워","친구와함께,가족과함께,애인과함께",비오는날,"술마시기좋은,포장하기좋은"
130,오공복이.jpeg,오공복이,"식당,술집","부산광역시 금정구 부산대학로49번길 33",051-583-0407,"항정살덮밥, 스테이크덮밥",보통,일식,퀄리티좋은,"낮에,밤에","분위기좋은,정갈한,일본감성,정갈한,우드톤,따뜻한","평온해,무료해,귀찮아,즐거워,행복해,설레,외로워","애인과함께,친구와함께,혼자서","추운날,비오는날,날씨좋은날","식사,술마시기좋은"
131,심취.jpeg,심취,술집,"부산광역시 금정구 부산대학로38번길 14 1층 심취",010-6203-1345,"아롱사태전골, 심취전골",중간,일식,무난한,밤에,"분위기좋은,즐거운,숨은,주택개조,감각적인,조용한,차분한,음악이있는,어두운,인테리어예쁜","감성터질때,센치해,설레,새로워,행복해,기분전환,신나,우울해,머리가복잡해","애인과함께,친구와함께",비오는날,"술마시기좋은,사진찍기좋은"
132,아향부.jpeg,아향부,식당,"부산광역시 금정구 금정로 59-4 2층",051-968-8494,"무한리필양다리구이, 무한리필훠궈",많음,중식,가성비,밤에,"중국감성,쾌적한,시끌벅적한,깔끔한","무료해,지쳐,절망스러워,머리가복잡해,답답해,화가나,우울해","친구와함께,단체","날씨좋은날,추운날",술마시기좋은
133,원더러스트.jpeg,원더러스트,카페,"부산광역시 금정구 장전온천천로 27 1층",051-963-1212,"아메리카노, 바닐라라떼",중간,간식,퀄리티좋은,낮에,"인테리어예쁜,분위기좋은,인스타감성,예쁜,화이트톤","평온해,행복해,즐거워,만족스러워,감성터질때,기분전환,설레,새로워","친구와함께,애인과함께",날씨좋은날,"수다떨기좋은,사진찍기좋은"
134,스타벅스온천장역DT점.jpeg,스타벅스온천장역DT점,카페,"부산광역시 금정구 식물원로 13",1522-3232,"아메리카노, 카페 라떼",중간,간식,무난한,"낮에,밤에","깔끔한,운치있는,시끌벅적한,쾌적한","평온해,무료해,지쳐,귀찮아,머리가복잡해,즐거워,행복해,외로워","친구와함께,혼자서","날씨좋은날,추운날","수다떨기좋은,공부하기좋은,디저트"
135,마스커피랩.jpeg,마스커피랩,카페,"부산광역시 금정구 금강로 271-5 7층",010-2136-7725,"아메리카노, 카페라떼, 민트모히또",중간,간식,퀄리티좋은,낮에,"뷰가좋은,개방적인,귀여운,알록달록한,힐링,인테리어예쁜","평온해,행복해,감성터질때,신나,즐거워,설레,새로워,외로워","혼자서,친구와함께,애인과함께","날씨좋은날,비오는날,추운날","공부하기좋은,사진찍기좋은,디저트"
136,나우잇.jpeg,나우잇,식당,"부산광역시 금정구 금강로 271-11 1층 102호",010-4155-9713,"닭가슴살 샐러드, 닭가슴살 샌드위치, BLT샌드위치",중간,양식,퀄리티좋은,낮에,"분위기좋은,건강한,정갈한,신선한,우드톤","평온해,무료해,행복해,지쳐,귀찮아,즐거워,외로워","혼자서,친구와함께",날씨좋은날,"가벼운식사,채식"
137,펠로.jpeg,펠로,식당,"부산광역시 금정구 부산대학로63번길 48 1층 펠로",051-581-1998,"마르게리따, 풍기, 디아볼라",중간,양식,"가성비,퀄리티좋은","낮에,밤에","인테리어예쁜,예쁜,분위기좋은,이탈리아감성,즐거운,레트로감성","설레,행복해,새로워,즐거워,신나","친구와함께,애인과함께","특별한날,날씨좋은날,추운날",데이트하기좋은
138,에그드랍.jpeg,에그드랍,식당,"부산광역시 금정구 금정로 76",070-4793-7778,"미스터에그 샌드위치, 아메리칸 햄치즈 샌드위치",적음,간식,무난한,낮에,"세련된,독특한,아담한,깔끔한","평온해,무료해,귀찮아,즐거워,행복해,설레,외로워","친구와함께,혼자서",날씨좋은날,가벼운식사
139,복수가게.jpeg,복수가게,카페,"부산광역시 금정구 수림로61번길 53",070-8866-4186,"커피, 스콘, 밀크티",중간,간식,퀄리티좋은,낮에,"아기자기한한,귀여운,즐거운,가벼운,아늑한,힐링,따뜻한","평온해,무료해,행복해,설레,즐거워,센치해,새로워","친구와함께,애인과함께",날씨좋은날,가벼운식사
140,구르메식당.jpeg,구르메식당,식당,"부산광역시 금정구 금정로60번길 23-8",070-7347-7487,"토마토스파게티, 매운까르보나라, 봉골레파스타",중간,양식,가성비,낮에,"포근한,분위기좋은,편한,좋은,아늑한,따뜻한,우드톤","평온해,행복해,신나,즐거워,만족스러워","친구와함께,애인과함께,가족과함께",날씨좋은날,"식사,데이트하기좋은"
141,태영식육식당.jpeg,태영식육식당,"식당,술집","부산광역시 금정구 부곡로 94-1 동호빌딩",051-759-9485,"한우 특수부위, 한우꽃등심",중간,한식,가성비,밤에,"친절한,깔끔한,시끌벅적한,즐거운","머리가복잡해,답답해,화가나,우울해,기분전환,만족스러워,즐거워,지쳐,행복해",가족과함께,"추운날,날씨좋은날","술마시기좋은,식사"
142,할리스.jpeg,할리스,카페,"부산광역시 금정구 부산대학로 29 네오스퀘어 10",051-517-7773,"아메리카노, 카페라떼, 바닐라 딜라이트",중간,간식,퀄리티좋은,"낮에,밤에","분위기좋은,예쁜,깔끔한,루프탑","평온해,무료해,귀찮아,행복해,신나,즐거워","친구와함께,애인과함께",날씨좋은날,"수다떨기좋은,공부하기좋은"
143,커피브라운.jpeg,커피브라운,카페,"부산광역시 금정구 금강로279번길 81-6 커피브라운",070-7351-9699,아메리카노,중간,간식,가성비,"낮에,밤에","편한,조용한,친절한","평온해,무료해,귀찮아,지쳐,머리가복잡해,외로워","혼자서,친구와함께",날씨좋은날,공부하기좋은
144,디델리.jpeg,디델리,식당,"부산광역시 금정구 금정로68번길 11",051-583-1179,"라볶이, 순대라볶이, 치즈라볶이",중간,간식,가성비,"낮에,밤에","그리운,로컬의,오래된,추억,편한","평온해,무료해,행복해,기분전환","친구와함께,애인과함께",날씨좋은날,가벼운식사
145,동경생돈까스.jpeg,동경생돈까스,식당,"부산광역시 금정구 금강로279번길 6",051-515-8802,"안심돈까스, 등심돈까스, 카레덮밥",중간,양식,퀄리티좋은,"낮에,밤에","아담한,나들이,오래된,전통있는,깔끔한","평온해,귀찮아,행복해,즐거워,신나,지쳐,무료해","친구와함께,애인과함께",날씨좋은날,식사
146,락앤웍.jpeg,락앤웍,식당,"부산광역시 금정구 중앙대로1719번길 47",051-554-8000,"해산물누룽지탕, 코스요리, 매운해산물누룽지볶음",중간,중식,퀄리티좋은,"낮에,밤에","고급스러운,분위기좋은,중국감성","신나,설레,행복해,즐거워,만족스러워","가족과함께,애인과함께","특별한날,비오는날",데이트하기좋은
147,도시야식.jpeg,도시야식,"식당,술집","부산광역시 금정구 금정로91번길 20 2층",051-710-0927,"테반더우푸, 지파이, 마라탕",중간,중식,무난한,밤에,"레트로감성,신기한,세련된,중국감성","답답해,화가나,우울해,기분전환,행복해,신나,즐거워,무료해,지쳐,센치해,만족스러워","애인과함께,친구와함께","특별한날,추운날,비오는날","술마시기좋은,데이트하기좋은"
148,스시마이우.jpeg,스시마이우,식당,"부산광역시 금정구 부산대학로 34",051-582-3339,"회전초밥, 인기쟁이6선(12P)",중간,일식,무난한,"낮에,밤에","친절한,깔끔한,화이트톤,밝은,일본감성","평온해,무료해,귀찮아,행복해,설레,새로워,즐거워,만족스러워,신나,기분전환,외로워","애인과함께,친구와함께,혼자서","날씨좋은날,추운날",식사
149,본토빈.jpeg,본토빈,식당,"부산광역시 금정구 금정로60번길 27-3",051-515-4941,"본토 수제돈카츠",중간,일식,퀄리티좋은,낮에,"비쥬얼좋은,분위기좋은,예쁜,흥겨운,그리운,신나는,주택개조","평온해,설레,행복해,새로워,즐거워,만족스러워,신나",애인과함께,"특별한날,날씨좋은날,추운날,비오는날","데이트하기좋은,식사"
150,칼집삼겹.jpeg,칼집삼겹,"식당,술집","부산광역시 금정구 금정로91번길 3 1층",051-513-9392,"칼집삼겹, 칼집양념, 칼집목살",중간,한식,가성비,밤에,"추억,그리운,포차감성,시끌벅적한,오래된","머리가복잡해,답답해,화가나,기분전환,지쳐,무료해,절망스러워","친구와함께,가족과함께","추운날,비오는날",술마시기좋은
151,겐쇼심야라멘.jpeg,겐쇼심야라멘,"식당,술집","부산광역시 금정구 부산대학로 33-14",051-515-4883,"돈코츠라멘, 카라이라멘, 교자만두",중간,일식,무난한,밤에,"깨끗한,친절한,새로운,귀여운,분위기좋은,일본감성","머리가복잡해,우울해,기분전환,감성터질때,센치해,평온해,지쳐,귀찮아","친구와함께,애인과함께","추운날,비오는날","데이트하기좋은,식사"
152,팔도실비집.jpeg,팔도실비집,술집,"부산광역시 금정구 장전온천천로79번길 24",051-583-3884,"불오징어주물럭, 서울찜닭, 국물닭발",중간,한식,가성비,밤에,"한국감성,레트로감성,즐거운,오래된,시끌벅적한,정감있는,옛날의","머리가복잡해,답답해,화가나,우울해,기분전환,에너지넘쳐,즐거워,행복해,신나,새로워",친구와함께,"비오는날,추운날",술마시기좋은
153,와사비.jpeg,와사비,"식당,술집","부산광역시 금정구 중앙대로 1714",051-515-7972,"꼬막초무침정식, 꼬막해물짬뽕탕정식",중간,한식,퀄리티좋은,낮에,"깔끔한,건강한,즐거운,정겨운,집밥감성,정갈한,한국감성","평온해,무료해,지쳐,귀찮아,만족스러워,즐거워,행복해",가족과함께,날씨좋은날,식사
154,달토끼의떡볶이흡입구역.jpeg,달토끼의떡볶이흡입구역,식당,"부산광역시 금정구 금강로 286-1",051-582-1199,"국물떡볶이, 투움바떡볶이",중간,간식,무난한,"낮에,밤에","러블리한,귀여운,예쁜,아기자기한한","행복해,신나,즐거워,설레,새로워,평온해,우울해,기분전환","친구와함께,애인과함께",날씨좋은날,식사
155,통큰집.jpeg,통큰집,"식당,술집","부산광역시 금정구 금정로60번길 7-3",051-512-2331,"매운돼지갈비찜, 소갈비찜",중간,한식,퀄리티좋은,밤에,"숨은,추억,오래된,친절한,한국감성,시끌벅적한,로컬의,옛날의","머리가복잡해,화가나,우울해,행복해,신나,즐거워,평온해,답답해","가족과함께,친구와함께",비오는날,술마시기좋은
156,설봉돼지국밥.jpeg,설봉돼지국밥,식당,"부산광역시 금정구 수림로49번길 6",051-582-9288,"보쌈수육, 돼지국밥, 순대국밥",중간,한식,가성비,"낮에,밤에","따뜻한,오래된,옛날의,전통있는,한국감성","평온해,무료해,귀찮아,우울해,머리가복잡해,외로워","친구와함께,혼자서","추운날,비오는날",식사
157,스시99.9.jpeg,스시99.9,식당,"부산광역시 금정구 식물원로 25 에스제이타워 102호",051-517-9909,"회전 초밥 ",중간,일식,"서비스좋은,가성비","낮에,밤에","정갈한,새로운,예쁜,색다른,일본감성","평온해,무료해,새로워,설레,행복해,신나,즐거워,만족스러워,기분전환,귀찮아","친구와함께,애인과함께","날씨좋은날,추운날",식사
158,홍대개미.jpeg,홍대개미,식당,"부산광역시 금정구 금정로60번길 37",051-523-0920,"큐브스테이크 덮밥, 간장새우 덮밥, 연어 덮밥",중간,일식,무난한,"낮에,밤에","소담한,편한,예쁜,가벼운,깔끔한","설레,행복해,즐거워,만족스러워,기분전환,새로워,평온해,무료해","친구와함께,애인과함께","날씨좋은날,추운날","식사,데이트하기좋은"
159,겐로쿠우동.jpeg,겐로쿠우동,식당,"부산광역시 금정구 부산대학로 45-1",051-515-1126,"지도라우동, 키즈네우동, 니꾸우동, 지도리소바",중간,일식,가성비,"낮에,밤에","분위기좋은,깔끔한,잔잔한,아기자기한한,예쁜,사랑스러운,베이지톤","지쳐,귀찮아,평온해,무료해,행복해,감성터질때,센치해,답답해,우울해","친구와함께,애인과함께","추운날,비오는날",식사
160,청두마라탕포차.jpeg,청두마라탕포차,술집,"부산광역시 금정구 부산대학로63번길 29",051-583-3350,"마라탕, 마라향궈",중간,중식,무난한,"낮에,밤에","중국감성,깨끗한,분위기좋은,진짜의","행복해,신나,에너지넘쳐,즐거워,만족스러워,머리가복잡해,답답해,화가나,우울해,기분전환","친구와함께,가족과함께","추운날,비오는날","식사,술마시기좋은"
161,836숯불바베큐치킨부산대점.jpeg,836숯불바베큐치킨부산대점,"식당,술집","부산광역시 금정구 금정로91번길 22",051-514-0836,"치킨 소금구이, 치킨 양념 구이",중간,한식,가성비,밤에,"정감있는,옛날의,오래된,치맥감성,로컬의,어두운","평온해,지쳐,귀찮아,기분전환,행복해,신나,우울해,즐거워,머리가복잡해",친구와함께,"비오는날,추운날",술마시기좋은
162,스타벅스부산대역점.jpeg,스타벅스부산대역점,카페,"부산광역시 금정구 장전로12번길 64",1522-3232,"아메리카노, 카페라떼",중간,간식,퀄리티좋은,낮에,"복잡한,친절한,시끌벅적한,깔끔한","평온해,무료해,지쳐,귀찮아,머리가복잡해,즐거워,행복해","친구와함께,애인과함께","날씨좋은날,추운날,비오는날","공부하기좋은,수다떨기좋은"
163,더스시.jpeg,더스시,식당,"부산광역시 금정구 금강로 247-6 2층",051-583-0043,"모듬초밥, 해물야끼우동, 치킨샐러드",많음,일식,"가성비,퀄리티좋은","낮에,밤에","예쁜,재미있는,좋은,깔끔한,일본감성","평온해,무료해,행복해,즐거워,신나,설레,새로워","가족과함께,애인과함께",날씨좋은날,"데이트하기좋은,식사"
164,돈까스겸.jpeg,돈까스겸,식당,"부산광역시 금정구 부산대학로63번길 21",051-513-5633,"특까스정식, 돈까스정식, 스페셜까스",중간,일식,퀄리티좋은,"낮에,밤에","깔끔한,트렌디한,정감있는,정겨운","평온해,무료해,행복해,신나,즐거워,지쳐,귀찮아,만족스러워",친구와함께,날씨좋은날,식사
165,고피자.jpeg,고피자,식당,"부산광역시 금정구 장전동 747",070-7750-7784,"아메리칸 치즈피자",중간,양식,가성비,밤에,"세련된,깔끔한,패스트푸드","귀찮아,지쳐,무료해,설레,신나,즐거워",친구와함께,"날씨좋은날,추운날","식사,포장하기좋은"
166,폼프리츠.jpeg,폼프리츠,술집,"부산광역시 금정구 부산대학로 34-1",051-518-4427,"클라우드 생맥주, 감자튀김",중간,양식,가성비,밤에,"분위기좋은,벨기에감성,아기자기한한,유럽감성,오래된","설레,새로워,행복해,감성터질때,센치해,만족스러워,즐거워,행복해,신나,기분전환","친구와함께,애인과함께","추운날,날씨좋은날,비오는날","데이트하기좋은,술마시기좋은"
167,부대꼬마김밥.jpeg,부대꼬마김밥,식당,"부산광역시 금정구 장전온천천로 57",051-583-9330,"꼬마김밥, 떡볶이, 순대, 어묵",많음,간식,가성비,"낮에,밤에","정감있는,로컬의,한국감성,옛날의","평온해,무료해,지쳐,귀찮아,즐거워,행복해",친구와함께,"추운날,비오는날",식사
168,은화수식당.jpeg,은화수식당,식당,"부산광역시 금정구 금강로 280",051-517-2690,"하와이돈까스, 고구마매콤이돈까스, 경양식돈까스",중간,양식,퀄리티좋은,낮에,"빈티지한,감각적인,나들이,분위기좋은,동남아감성","평온해,무료해,행복해,즐거워,신나,설레","친구와함께,애인과함께",날씨좋은날,"데이트하기좋은,식사"
169,일월육일.jpeg,일월육일,술집,"부산광역시 금정구 금강로 247-8 1층",051-513-9901,"오늘의생선구이, 해산물한판",중간,일식,퀄리티좋은,"낮에,밤에","시끌벅적한,분위기좋은,정갈한,색다른,예쁜,즐거운,일본감성","머리가복잡해,답답해,우울해,기분전환,지쳐,센치해,감성터질때,설레","애인과함께,친구와함께","날씨좋은날,추운날,비오는날","데이트하기좋은,술마시기좋은"
170,어벤더치.jpeg,어벤더치,카페,"부산광역시 금정구 장전온천천로 45",1599-9673,"더치헤이즐럿커피, 아메리카노",중간,간식,가성비,"낮에,밤에","쾌적한,편한,예쁜,재미있는,달달한","머리가복잡해,화가나,지쳐,귀찮아,평온해,무료해,외로워","혼자서,친구와함께",날씨좋은날,공부하기좋은
171,토모.jpeg,토모,술집,"부산광역시 금정구 장전온천천로 79",051-513-5164,"다랑어, 사시미",중간,일식,퀄리티좋은,밤에,"깔끔한,아늑한,슬픈,예쁜,즐거운,어두운,고급스러운","머리가복잡해,답답해,화가나,우울해,기분전환,지쳐,센치해,신나",애인과함께,"추운날,비오는날","술마시기좋은,데이트하기좋은"
172,거북이동네.jpeg,거북이동네,"식당,술집","부산광역시 금정구 장전로 22",051-995-0077,"숙성 삼겹살, 숙성 오겹살",중간,한식,가성비,"낮에,밤에","깔끔한,분위기좋은,새로운,남다른,쾌적한","머리가복잡해,답답해,화가나,우울해,지쳐,신나,즐거워","가족과함께,친구가함께","추운날,비오는날",술마시기좋은
173,다옴베이커리.jpeg,다옴BAKERY,카페,"부산광역시 금정구 장전로 16",051-515-8711,"저온숙성식빵, 치아바타",중간,간식,무난한,낮에,"따뜻한,우드톤,정겨운","행복해,즐거워,기분전환,무료해,평온해","애인과함께,가족과함께",날씨좋은날,포장하기좋은
174,맥도날드.jpeg,맥도날드,식당,"부산광역시 금정구 금정로60번길 24",070-7017-0406,"불고기버거, 상하이버거, 1955버거",중간,양식,가성비,"낮에,밤에","깔끔한,유명한,패스트푸드","귀찮아,답답해,평온해,무료해,외로워","친구와함께,혼자서","날씨좋은날,추운날,비오는날",식사
175,천하제일막창.jpeg,천하제일막창,"식당,술집","부산광역시 금정구 금정로60번길 48-2",010-9148-8427,"한우대창, 한우막창, 곱창전골",중간,한식,퀄리티좋은,밤에,"숨은,깔끔한,신선한,시끌벅적한,로컬의","머리가복잡해,답답해,화가나,우울해,기분전환,신나,에너지넘쳐,즐거워,행복해,절망스러워,만족스러워","친구와함께,애인과함께","추운날,비오는날",술마시기좋은
176,일송면옥.jpeg,일송면옥,식당,"부산광역시 금정구 부곡로141번길 6",051-514-3381,"밀면, 삼겹갈비",중간,한식,퀄리티좋은,밤에,"시원한,친절한,전통있는,깔끔한,개방적인,한국감성","평온해,무료해,귀찮아,즐거워,기분전환,머리가복잡해",가족과함께,"날씨좋은날,추운날","해장,식사"
177,메종드푸.jpeg,메종드푸,카페,"부산광역시 금정구 부산대학로 53-1",051-582-5213,마카롱,중간,간식,무난한,낮에,"친절한,깔끔한,러블리한,밝은,화이트톤","설레,새로워,행복해,즐거워,만족스러워,신나,우울해,기분전환","친구와함께,애인과함께",날씨좋은날,"포장하기좋은,디저트"
178,프리블릭.jpeg,프리블릭,카페,"부산광역시 금정구 금강로279번길 20 1층 2층",010-8420-1772,아메리카노,중간,간식,퀄리티좋은,낮에,"조용한,어두운,예쁜,즐거운,편한,달달한","귀찮아,지쳐,감성터질때,즐거워,행복해,신나,평온해,무료해,답답해,머리가복잡해,외로워","친구와함께,혼자서","날씨좋은날,비오는날,추운날","공부하기좋은,디저트"
179,술화당.jpeg,술화당,술집,"부산광역시 금정구 금정로 93",051-581-3266,"막걸리, 육전",많음,한식,퀄리티좋은,밤에,"분위기좋은,친절한,독특한,세련된,깔끔한,한국감성,감각적인,고급스러운","머리가복잡해,우울해,기분전환,즐거워,행복해,설레,새로워,감성터질때,센치해","친구와함께,애인과함께","비오는날,추운날","술마시기좋은,데이트하기좋은"
180,짬뽕상회.jpeg,짬뽕상회,식당,"부산광역시 금정구 부산대학로38번길 9",051-513-3287,"삼선짬뽕, 쟁반짜장, 찹살탕수육",많음,중식,"가성비,푸짐한","낮에,밤에","매운,독특한,중국감성,깔끔한,시끌벅적한,편한","머리가복잡해,답답해,화가나,우울해,기분전환","친구와함께,가족과함께,단체","비오는날,추운날","해장,식사,술마시기좋은"
181,스타벅스부산대점.jpeg,스타벅스부산대점,카페,"부산광역시 금정구 금정로68번길 2",1522-3232,"아메리카노, 돌체라떼, 자바 칩 프라푸치노",중간,간식,퀄리티좋은,"낮에,밤에","친절한,쾌적한,시끌벅적한,깔끔한,고급스러운","평온해,무료해,지쳐,귀찮아,머리가복잡해,즐거워,행복해","친구와함께,애인과함께","날씨좋은날,비오는날,추운날","공부하기좋은,수다떨기좋은"
182,웰컴포.jpeg,웰컴포,식당,"부산광역시 금정구 금정로 59-1",051-512-5773,"소고기 쌀국수, 분짜, 볶음밥",많음,기타,퀄리티좋은,"낮에,밤에","육수가진한,동남아감성,오래된","평온해,무료해,지쳐,귀찮아,우울해,행복해,외로워","친구와함께,혼자서","비오는날,추운날","해장,식사"
183,nujabes414.jpeg,Nujabes414,카페,"부산광역시 금정구 장전로12번길 65",010-5882-9165,"수제밀크티, 커피, 스콘",중간,간식,퀄리티좋은,"낮에,밤에","어두운,힙한,독특한,특색있는,트렌디한,감각적인,인스타감성,음악이있는","설레,새로워,즐거워,센치해,감성터질때,만족스러워,기분전환,행복해","애인과함께,친구와함께","추운날,날씨좋은날,비오는날","데이트하기좋은,디저트"
184,미식가.jpeg,미식가,"식당,술집","부산광역시 금정구 장전로 49",010-4533-9752,"제주생오겹살,돼지갈비, 껍데기",중간,한식,퀄리티좋은,밤에,"친절한,예쁜,편한,친근한,분위기좋은","지쳐,머리가복잡해,답답해,화가나,우울해,기분전환,신나,즐거워,만족스러워",가족과함께,"추운날,비오는날","식사,술마시기좋은"
185,소고기세끼.jpeg,소고기세끼,술집,"부산광역시 금정구 부산대학로50번길 3-8",010-4854-1541,"육회, 소고기 타다키, 곱창전골",많음,한식,퀄리티좋은,밤에,"분위기좋은,고급스러운,일본감성,세련된,인테리어예쁜,시끌벅적한","머리가복잡해,답답해,화가나,우울해,기분전환,에너지넘쳐,신나,즐거워,만족스러워,지쳐","애인과함께,친구와함께","추운날,비오는날","술마시기좋은,데이트하기좋은"
186,니뽕내뽕.jpeg,니뽕내뽕,식당,"부산광역시 금정구 금강로 248-8",051-515-2848,"퓨전짬뽕, 얇은피자",많음,중식,푸짐한,"낮에,밤에","깔끔한,독특한,색다른,깔끔한","평온해,무료해,귀찮아,머리가복잡해,즐거워","애인과함께,친구와함께","추운날,비오는날","해장,식사"
187,어스샐러드.jpeg,어스샐러드,식당,"부산광역시 금정구 부산대학로63번길 13",010-2335-2730,"목살샐러드, 연어샐러드, 요거트",중간,기타,무난한,"낮에,밤에","건강한,아기자기한한,새로운,분위기좋은,인테리어예쁜,모던한","평온해,만족스러워,즐거워,행복해,감성터질때,외로워","혼자서,친구와함께","날씨좋은날,비오는날","가벼운식사,채식"
188,봉추찜닭.jpeg,봉추찜닭,식당,"부산광역시 금정구 장전온천천로 65",051-515-6981,찜닭,많음,한식,무난한,"낮에,밤에","친절한,깨끗한,깔끔한,옛날의,정감있는,따뜻한","머리가복잡해,답답해,화가나,우울해,만족스러워,즐거워,평온해",가족과함께,"날씨좋은날,추운날,비오는날",식사
189,장전상회.jpeg,장전상회,술집,"부산광역시 금정구 부산대학로64번길 142 1층 장전상회",010-5615-5711,"하이볼, 그라탕, 스테이크",중간,양식,퀄리티좋은,밤에,"분위기좋은,멋있는,트렌디한,독특한,시끌벅적한","감성터질때,센치해,설레,새로워,행복해,신나,에너지넘쳐,기분전환,머리가복잡해,답답해,우울해","친구와함께,애인과함께","추운날,비오는날,날씨좋은날",술마시기좋은
190,한솥도시락.jpeg,한솥도시락,식당,"부산광역시 금정구 부산대학로64번길 10",051-513-0685,"컵밥, 도시락",중간,한식,가성비,낮에,"간단한,가벼운,깔끔한","평온해,무료해,귀찮아,외로워","혼자서,친구와함께","날씨좋은날,비오는날,추운날",가벼운식사
191,함박해.jpeg,함박해,식당,"부산광역시 금정구 장전온천천로73번길 23 화목타운 1층 함박해",051-582-2028,"크림함박, 매콤함박, 데미함박",중간,한식,가성비,낮에,"분위기좋은,깔끔한,잔잔한,아기자기한한,예쁜,사랑스러운,베이지톤의","평온해,무료해,행복해,즐거워,설레,기분전환","애인과함께,친구와함께",날씨좋은날,"식사,데이트하기좋은"
192,홍주방.jpeg,홍주방,식당,"부산광역시 금정구 부산대학로49번길 38",051-515-3555,"마라탕, 마라샹궈, 꿔바로우",중간,중식,퀄리티좋은,"낮에,밤에","청결한,친절한,중국감성,전통있는,시끌벅적한,활기찬","평온해,무료해,귀찮아,우울해,머리가복잡해,답답해,기분전환",친구와함께,"추운날,비오는날",식사
193,라메이사천훠궈.jpeg,라메이사천훠궈,식당,"부산광역시 금정구 부산대학로38번길 15",051-581-5650,"양고기 마라탕, 훠궈",많음,중식,서비스좋은,밤에,"중국감성,친절한,활기찬","평온해,무료해,귀찮아,답답해,화가나,우울해,머리가복잡해,지쳐,기분전환",친구와함께,"추운날,비오는날","술마시기좋은,식사"
194,꼬모도화덕피자.jpeg,꼬모도화덕피자,식당,"부산광역시 금정구 금강로 254-1",051-581-9995,"꼬모도 피자, 크림소스파스타",중간,양식,가성비,"낮에,밤에","분위기좋은,추억,아늑한,오래된,깔끔한,고급스러운","설레,행복해,즐거워,행복해,만족스러워,신나","친구와함께,애인과함께","날씨좋은날,추운날,비오는날","데이트하기좋은,식사"
195,크라상점.jpeg,크라상점,카페,"부산광역시 금정구 금정로60번길 28 1층",070-8823-7000,"리얼버터 오리지널 크로와상",중간,간식,"가성비,퀄리티좋은",낮에,"예쁜,아늑한,편한","평온해,설레,행복해,즐거워,신나,만족스러워,무료해,외로워","혼자서,친구와함께",날씨좋은날,"포장하기좋은,가벼운식사,디저트"
196,카페라보엠.jpeg,카페라보엠,카페,"부산광역시 금정구 중앙대로1685번길 31",010-2955-7742,"커피, 홈메이드 과일요거트",중간,간식,퀄리티좋은,"낮에,밤에","분위기좋은,클래식한,조용한,엔틱한,아늑한,따뜻한","평온해,설레,행복해,새로워,즐거워,감성터질때,센치해","친구와함께,애인과함께","날씨좋은날,비오는날,추운날","공부하기좋은,데이트하기좋은"
197,야마벤또.jpeg,야마벤또,식당,"부산광역시 금정구 금강로 256",051-512-9284,"차슈벤또, 닭가라아게 벤또",중간,일식,퀄리티좋은,"낮에,밤에","일본감성,친절한,정갈한,깔끔한,분위기좋은,아늑한,따뜻한","행복해,평온해,무료해,즐거워,설레,새로워,신나,기분전환","친구와함께,애인과함께","날씨좋은날,비오는날,추운날","데이트하기좋은,식사"
198,오직그대만.jpeg,오직그대만,카페,"부산광역시 금정구 금강로 275",010-2351-1339,"딥블랙라떼, 우유튀김, 대만식 크로플",중간,간식,퀄리티좋은,낮에,"깔끔한,대만감성,세련된,분위기좋은","평온해,설레,행복해,즐거워,신나,귀찮아,무료해,외로워","애인과함께,친구와함께,혼자서",날씨좋은날,"데이트하기좋은,포장하기좋은,디저트,가벼운식사"
199,일층집.jpeg,일층집,술집,"부산광역시 금정구 장전온천천로 97",010-9746-4578,"빅웨이브 생맥주, 감바스, 튀김",중간,양식,무난한,밤에,"어두운,세련된,분위기좋은,아늑한,친절한,인테리어예쁜,인스타감성","머리가복잡해,답답해,기분전환,센치해,감성터질때,설레,행복해,즐거워,지쳐,외로워","친구와함께,애인과함께,혼자서","비오는날,추운날,날씨좋은날","술마시기좋은,데이트하기좋은"
200,대독장.jpeg,대독장,식당,"부산광역시 금정구 부산대학로63번길 39",051-516-9655,김치찌개,중간,한식,가성비,낮에,"추억,정감있는,한국감성,정겨운","평온해,무료해,머리가복잡해,그리워","친구와함께,가족과함께","비오는날,추운날,날씨좋은날",식사
201,술바다.jpeg,술바다,술집,"부산광역시 금정구 부산대학로49번길 17",051-513-5111,"돈육숙주볶음, 닭볶음탕, 매운국물 닭발",중간,한식,가성비,밤에,"어두운,시끌벅적한,분위기좋은,포차감성","머리가복잡해,답답해,우울해,절망스러워,지쳐,신나,에너지넘쳐,즐거워,행복해","친구와함께,단체","비오는날,추운날,날씨좋은날",술마시기좋은
202,신짜글이닭발.jpeg,신짜글이닭발,술집,"부산광역시 금정구 장전로12번길 27",051-984-9292,"짜글이 닭발",많음,한식,무난한,밤에,"깔끔한,친절한,시끌벅적한,포차감성,활기찬","머리가복잡해,답답해,화가나,우울해,센치해,절망스러워,지쳐,신나,에너지넘쳐,즐거워","친구와함께,애인과함께","비오는날,추운날",술마시기좋은
203,장인해장국.jpeg,장인해장국,식당,"부산광역시 금정구 부산대학로64번길 12-4 1층 장인해장국",051-582-8252,"장인뼈해장국, 영양갈비탕, 황태해장국",많음,한식,가성비,"낮에,밤에","친절한,시끌벅적한,정감있는,한국감성","답답해,우울해,지쳐,평온해,무료해,그리워,귀찮아","친구와함께,가족과함께","추운날,비오는날","해장,식사"
204,엉클밥.jpeg,엉클밥,카페,"부산광역시 금정구 금정로52번길 3-10",010-4483-0015,"커피, 브런치, 불고기 피자",중간,양식,퀄리티좋은,"낮에,밤에","분위기좋은,아담한,아늑한,조명이좋은,예쁜,인테리어예쁜,어두운,인스타감성,음악이있는","설레,새로워,행복해,감성터질때,센치해,기분전환,만족스러워,즐거워","애인과함께,친구와함께","날씨좋은날,추운날","데이트하기좋은,식사,술마시기좋은,소개팅"
205,유가네닭갈비.jpeg,유가네닭갈비,식당,"부산광역시 금정구 금정로 59-5",051-514-7573,"닭갈비, 철판볶음밥",중간,한식,가성비,"낮에,밤에","추억,옛날의,한국감성,오래된,로컬의","기분전환,평온해,지쳐,에너지넘쳐,즐거워,신나,무료해,절망스러워",친구와함께,비오는날,식사
206,THE돈까스.jpeg,The돈까스,식당,"부산광역시 금정구 장전로20번길 10",051-552-2727,"돈까스, 해물우동",많음,일식,무난한,낮에,"정감있는,밝은,친절한,예쁜,즐거운,알찬,따뜻한,은은한,주택개조","평온해,무료해,즐거워,행복해",친구와함께,날씨좋은날,식사
207,해물천국.jpeg,해물천국,"식당,술집","부산광역시 금정구 금정로 153",051-515-3317,"해물탕, 연포탕",많음,한식,가성비,밤에,"신선한,정감있는,한국감성,로컬의,옛날의","머리가복잡해,답답해,우울해,절망스러워,지쳐,신나,에너지넘쳐,즐거워,행복해","친구와함께,가족과함께","추운날,비오는날","술마시기좋은,식사"
208,로제이브커피스페셜티.jpeg,로제이브커피스페셜티,카페,"부산광역시 금정구 금강로279번길 22",070-4184-1257,"아메리카노, 아인슈페너, 크로플",중간,간식,가성비,"낮에,밤에","분위기좋은,편한,고급스러운,깔끔한","평온해,무료해,지쳐,귀찮아,머리가복잡해,즐거워,행복해,외로워","친구와함께,애인과함께,혼자서","날씨좋은날,비오는날","수다떨기좋은,데이트하기좋은,공부하기좋은"
209,투썸플레이스.jpeg,투썸플레이스,카페,"부산광역시 금정구 금강로 260-2",051-514-6366,"아메리카노, 케이크",중간,간식,퀄리티좋은,"낮에,밤에","시끌벅적한,깔끔한,친절한,편한","평온해,무료해,지쳐,귀찮아,머리가복잡해,즐거워,행복해,외로워","친구와함께,애인과함께,혼자서","날씨좋은날,추운날,비오는날","수다떨기좋은,과제하기좋은,공부하기좋은,디저트"
210,무한리필뙈지야.jpeg,무한리필뙈지야,"식당,술집","부산광역시 금정구 장전온천천로 73",051-515-7457,"무한리필 삼겹살, 볶음밥",많음,한식,가성비,"낮에,밤에","시끌벅적한,쾌적한,활기찬","머리가복잡해,답답해,화가나,우울해,기분전환,즐거워,만족스러워,에너지넘쳐,신나,지쳐","친구와함께,가족과함께","날씨좋은날,추운날,비오는날",술마시기좋은
211,금정아구찜.jpeg,금정아구찜,식당,"부산광역시 금정구 금정로161번길 10",051-517-5583,"아구찜, 대구뽈찜, 대구탕",많음,한식,무난한,"낮에,밤에","깔끔한,한국감성,정감있는,친절한","평온해,무료해,지쳐,기분전환,머리가복잡해,답답해,만족스러워,설레,행복해","가족과함께,친구와함께","추운날,비오는날","술마시기좋은,식사"
213,싸움의고수.jpeg,싸움의고수,식당,"부산광역시 금정구 금강로 248-9",051-583-9577,"1인 보쌈, 1인 삼겹",중간,한식,무난한,"낮에,밤에","아담한,정갈한,소소한","평온해,무료해,귀찮아,머리가복잡해,답답해,센치해,행복해,외로워","혼자서,친구와함께,애인과함께","날씨좋은날,추운날,비오는날",식사
214,밥에큐본점.jpeg,밥에큐본점,식당,"부산광역시 금정구 금강로 264",051-582-1566,"바베큐 치킨밥, 바베큐 차슈밥",많음,한식,무난한,"낮에,밤에","활기찬,비쥬얼좋은,정갈한","즐거워,새로워,귀찮아,평온해,무료해",친구와함께,"날씨좋은날,추운날,비오는날",식사
215,황소야.jpeg,황소야,"식당,술집","부산광역시 금정구 부산대학로49번길 32",051-515-2152,"생 소갈비살",중간,한식,가성비,밤에,"친절한,시끌벅적한,숯불감성","즐거워,신나,우울해,기분전환,평온해,만족스러워","친구와함께,가족과함께,애인과함께","추운날,비오는날","식사,술마시기좋은"
216,몽에그.jpeg,몽에그,카페,"부산광역시 금정구 금정로60번길 46",051-513-2822,"에그타르트, 아메리카노, 라떼",중간,간식,무난한,낮에,"달달한,부드러운,깨끗한,귀여운,분위기좋은,인테리어예쁜,친절한,청결한,깔끔한","기분전환,행복해,즐거워,설레,우울해","애인과함께,친구와함께",날씨좋은날,포장하기좋은
217,메종드아올스.jpeg,메종드아올스,카페,"부산광역시 금정구 부산대학로50번길 43-1",070-8760-0522,"마카롱, 차, 커피",중간,간식,무난한,"낮에,밤에","분위기좋은,조용한,깨끗한,아늑한,친절한,감각적인","설레,새로워,행복해,즐거워,감성터질때,센치해,기분전환,답답해","애인과함께,친구와함께","날씨좋은날,추운날,비오는날","디저트,데이트하기좋은,술마시기좋은"
218,샤브향.jpeg,샤브향,식당,"부산광역시 금정구 장전온천천로 51",051-515-3006,"월남쌈 소고기 샤브",많음,한식,무난한,"낮에,밤에","친절한,깔끔한,깨끗한,건강한","지쳐,평온해,무료해,기분전환,우울해","가족과함께,친구와함께,애인과함께","추운날,비오는날","식사,해장"
219,안다미로.jpeg,안다미로,술집,"부산광역시 금정구 금강로279번길 8",051-581-1230,"함박과 치킨 스테이크, 닭강정",중간,일식,가성비,"낮에,밤에","정감있는,오래된,옛날의,추억,그리운","머리가복잡해,답답해,기분전환,지쳐,귀찮아,평온해,무료해,에너지넘쳐,그리워","친구와함께,단체","날씨좋은날,추운날,비오는날","술마시기좋은,식사"
220,체크온.jpeg,체크온,카페,"부산광역시 금정구 부곡온천천로 26-15",051-515-1910,"더블크림라떼, 사과 크로플",중간,간식,무난한,"낮에,밤에","힐링,아늑한,분위기좋은,깨끗한,따뜻한,편한,친절한,밝은","행복해,즐거워,기분전환,평온해,무료해,설레,새로워","친구와함께,애인과함께","날씨좋은날,추운날,비오는날","데이트하기좋은,수다떨기좋은"
221,전통쑥밀면.jpeg,전통쑥밀면,식당,"부산광역시 금정구 부산대학로 38",051-515-9337,"족발, 쑥밀면, 감자만두",중간,한식,가성비,"낮에,밤에","시원한,정감있는,오래된,로컬의,한국감성","평온해,무료해,지쳐,귀찮아,외로워","친구와함께,혼자서","날씨좋은날,추운날,비오는날",식사
222,닌자라면.jpeg,닌자라면,식당,"부산광역시 금정구 장전로12번길 54",051-516-0949,"간장라면, 닌자돈코츠라면",중간,일식,무난한,"낮에,밤에","일본감성,친절한,우드톤","행복해,지쳐,기분전환,평온해,무료해,센치해,외로워","친구와함께,혼자서","추운날,비오는날","식사,해장"
223,서양식당.jpeg,서양식당,식당,"부산광역시 금정구 금정로 59-1",051-518-0929,"알리오올리오, 목살 스테이크, 필라프",많음,양식,가성비,"낮에,밤에","친절한,모던한,예쁜,아기자기한한,따뜻한","우울해,기분전환,행복해,즐거워,평온해,설레,새로워","가족과함께,친구와함께,애인과함께","날씨좋은날,추운날","식사,데이트하기좋은"
224,고메밀면.jpeg,고메밀면,식당,"부산광역시 금정구 부산대학로 49",051-581-9392,"육전물밀면, 고기만두",중간,한식,가성비,"낮에,밤에","시원한,쾌적한,깔끔한","머리가복잡해,답답해,기분전환,귀찮아,평온해,무료해,외로워","친구와함께,혼자서",날씨좋은날,식사
225,미태리.jpeg,미태리,식당,"부산광역시 금정구 부산대학로63번길 29",051-635-5525,"로제크림파스타, 또띠아 피자, 크림 리조또",중간,양식,가성비,낮에,"깔끔한,모던한,캐쥬얼한,편한,인테리어예쁜","우울해,기분전환,행복해,즐거워,설레","친구와함께,애인과함께",날씨좋은날,"식사,데이트하기좋은"
226,오늘김해뒷고기.jpeg,오늘김해뒷고기,"식당,술집","부산광역시 금정구 부산대학로50번길 39",051-917-5551,"뒷고기, 볶음밥",중간,한식,가성비,밤에,"시끌벅적한,옛날의,활기찬,비쥬얼좋은","머리가복잡해,답답해,기분전환,신나,에너지넘쳐,새로워","친구와함께,단체,애인과함께","비오는날,추운날","식사,술마시기좋은"
227,천라쿵푸마라탕.jpeg,천라쿵푸마라탕,식당,"부산광역시 금정구 금강로 274",051-583-4666,"소고기 마라탕",중간,중식,가성비,"낮에,밤에","친절한,중국감성","답답해,기분전환,지쳐,귀찮아,평온해,에너지넘쳐,신나,화가나",친구와함께,"추운날,비오는날",식사
228,내가찜한닭.jpeg,내가찜한닭,식당,"부산광역시 금정구 부산대학로 57",051-581-1238,안동찜닭,많음,한식,무난한,"낮에,밤에","깔끔한,쾌적한,시끌벅적한,활기찬","우울해,기분전환,행복해,즐거워,평온해,새로워,설레","친구와함께,애인과함께","날씨좋은날,추운날,비오는날","식사,데이트하기좋은"
229,토모리.jpeg,토모리,술집,"부산광역시 금정구 장전로 41",051-518-5557,"참치사시미, 나가사키 짬뽕탕",중간,일식,무난한,밤에,"조용한,일본감성,친절한","머리가복잡해,답답해,기분전환,행복해,즐거워,설레,평온해","친구와함께,애인과함께","추운날,비오는날","술마시기좋은,데이트하기좋은"
230,번아웃커피.jpeg,번아웃커피,카페,"부산광역시 금정구 부산대학로64번길 43",010-4004-1851,아메리카노,중간,간식,무난한,"낮에,밤에","조용한,분위기좋은,예쁜,따뜻한,쾌적한,고급스러운,테라스","행복해,평온해,무료해,설레,새로워,귀찮아,머리가복잡해,외로워","친구와함께,혼자서","날씨좋은날,비오는날","공부하기좋은,수다떨기좋은"
231,모름지기.jpeg,모름지기,"식당,술집","부산광역시 금정구 금정로91번길 2",051-518-2885,통삼겹한판,중간,한식,가성비,밤에,"친절한,시끌벅적한,포차감성,한국감성","우울해,답답해,화가나,기분전환,신나,에너지넘쳐,즐거워","친구와함께,애인과함께","비오는날,추운날","술마시기좋은,식사"
232,인마이플레이스.jpeg,인마이플레이스,술집,"부산광역시 금정구 금강로279번길 2 씨유편의점 3층",010-2572-0072,"눈꽃치즈트러플 육회, 스파이시커리크림파스타",중간,양식,퀄리티좋은,밤에,"한국감성,유럽감성,중국감성,힙한,감각적인,퓨전의,분위기좋은,트렌디한,인스타감성","만족스러워,답답해,우울해,기분전환,행복해,즐거워,설레,새로워,감성터질때,센치해","친구와함께,애인과함께","추운날,비오는날","술마시기좋은,식사,데이트하기좋은"
233,코코브라운.jpeg,코코브라운,식당,"부산광역시 금정구 금강로 250",051-582-0777,"직화목살 스테이크, 까르보나라, 고르곤졸라 피자",중간,양식,가성비,"낮에,밤에","분위기좋은,깔끔한,엔틱한,친절한","기분전환,행복해,즐거워,평온해,설레,새로워","애인과함께,가족과함께",날씨좋은날,식사
234,송주불냉면.jpeg,송주불냉면,식당,"부산광역시 금정구 금강로 267-3 1층",070-4152-0000,"불냉면, 수제왕돈까쓰",적음,한식,가성비,낮에,"소박한,친절한,정감있는","머리가복잡해,답답해,화가나,기분전환,지쳐,귀찮아,평온해,외로워","친구와함께,혼자서","날씨좋은날,비오는날,추운날",식사
235,진국명가.jpeg,진국명가,식당,"부산광역시 금정구 금강로 271",051-512-8880,"돼지국밥, 순대전골",많음,한식,무난한,"낮에,밤에","친절한,세련된,쾌적한,시끌벅적한,한국감성","평온해,무료해,지쳐,귀찮아,외로워","친구와함께,혼자서,가족과함께,단체","추운날,비오는날","식사,술마시기좋은,데이트하기좋은"
236,김해원조뒷고기.jpeg,김해원조뒷고기,"식당,술집","부산광역시 금정구 금강로 239",051-514-2732,"뒷고기, 통껍데기",중간,한식,가성비,밤에,"정감있는,로컬의,옛날의,포차감성,시끌벅적한","머리가복잡해,답답해,기분전환,신나,에너지넘쳐,즐거워","친구와함께,단체,애인과함께","추운날,비오는날","술마시기좋은,식사"
237,정성식당.jpeg,정성식당,식당,"부산광역시 금정구 금강로 249",051-581-3005,"김치찜, 김치전골, 매실두루치기",많음,한식,가성비,"낮에,밤에","정갈한,정감있는,심플한,한국감성,안락한,따뜻한","지쳐,귀찮아,기분전환,평온해,무료해","친구와함께,애인과함께","날씨좋은날,추운날,비오는날","식사,해장"
238,맥가이버손칼국수.jpeg,맥가이버손칼국수,식당,"부산광역시 금정구 부산대학로 34-2",051-514-3422,"칼국수, 충무김밥",중간,한식,가성비,낮에,"정감있는,오래된,숨은,로컬의,옛날의","평온해,무료해,귀찮아,지쳐,행복해,그리워,외로워","친구와함께,혼자서","비오는날, 추운날","식사,해장"
239,아웃닭.jpeg,아웃닭,"식당,술집","부산광역시 금정구 부산대학로50번길 28",051-512-4375,"후라이드, 순살간장치킨",많음,양식,가성비,"낮에,밤에","치맥감성,어두운,분위기좋은,시끌벅적한,친절한,패스트푸드","머리가복잡해,답답해,기분전환,행복해,즐거워,평온해,설레,새로워,센치해,에너지넘쳐,신나","친구와함께,애인과함께","날씨좋은날,비오는날,추운날","식사,술마시기좋은,데이트하기좋은"
240,박가부대.jpeg,박가부대,식당,"부산광역시 금정구 금강로 266",051-513-6030,"오리지널 부대찌개",중간,한식,무난한,"낮에,밤에","친절한,오래된,따뜻한,한국감성,정갈한","지쳐,평온해,무료해,새로워,행복해","친구와함께,가족과함께","비오는날,추운날","식사,해장"
241,미미엔.jpeg,미미엔,식당,"부산광역시 금정구 금강로 272",051-997-5123,"숯불 간장불고기 정식",중간,한식,가성비,"낮에,밤에","개방적인,집밥감성,정갈한,친절한,우드톤","기분전환,행복해,즐거워,평온해,새로워","애인과함께,가족과함께,친구와함께","날씨좋은날,추운날,비오는날","식사,데이트하기좋은"
242,잇쇼우안스테이크.jpeg,잇쇼우안스테이크,식당,"부산광역시 금정구 부산대학로50번길 40 잇쇼우안스테이크",051-515-0019,"부타 스테이크",중간,양식,가성비,"낮에,밤에","분위기좋은,소담한,인테리어예쁜,화이트톤","기분전환,행복해,즐거워,평온해,설레,새로워","애인과함께,친구와함께",날씨좋은날,"데이트하기좋은,식사"
243,한스델리.jpeg,한스델리,식당,"부산광역시 금정구 금정로68번길 21",051-515-2969,"리얼통치즈가스, 핫쉬림프파스타",중간,양식,가성비,"낮에,밤에","편한,오래된,쾌적한,그리운,옛날의,로컬의","기분전환,행복해,귀찮아,평온해,무료해,설레,그리워","애인과함께,친구와함께,가족과함께","날씨좋은날,추운날,비오는날","데이트하기좋은,식사"
244,와플대학.jpeg,와플대학,카페,"부산광역시 금정구 부산대학로 23",010-6585-3179,와플,중간,간식,가성비,"낮에,밤에","달달한,소담한,오래된,로컬의,가벼운","행복해,신나,우울해,즐거워,평온해,설레,새로워,지쳐,기분전환,외로워","애인과함께,친구와함께,혼자서",날씨좋은날,"포장하기좋은,디저트"
245,옹헤야.jpeg,옹헤야,식당,"부산광역시 금정구 금정로60번길 32",051-518-0117,불백,중간,한식,가성비,낮에,"깨끗한,친절한,소담한,정감있는,따뜻한,아늑한","지쳐,귀찮아,평온해,무료해,새로워,외로워","혼자서,친구와함께","추운날,비오는날",식사
246,마음한줄.jpeg,마음한줄,식당,"부산광역시 금정구 장전로 22-1",051-581-7080,"김밥, 떡볶이, 우동",중간,한식,퀄리티좋은,낮에,"친절한,깔끔한,건강한,가벼운,간단한","지쳐,귀찮아,평온해,무료해,설레,행복해,외로워","혼자서,친구와함께",날씨좋은날,"식사,포장하기좋은"
247,피자플래넷.jpeg,피자플래넷,식당,"부산광역시 금정구 금강로 314-1",051-518-8281,"페퍼로니 피자, 만수르피자",많음,양식,퀄리티좋은,"낮에,밤에","친절한,패스트푸드","우울해,기분전환,행복해,즐거워,평온해,새로워,신나,외로워","혼자서,친구와함께","날씨좋은날,추운날,비오는날",포장하기좋은
248,써브웨이부산대점.jpeg,써브웨이부산대점,식당,"부산광역시 금정구 부산대학로 48",051-513-3331,"이탈리안 비엠티, 스테이크&치즈 ",중간,양식,무난한,"낮에,밤에","깨끗한,건강한,활기찬,신선한","지쳐,귀찮아,기분전환,행복해,설레,평온해,무료해,외로워,즐거워","혼자서,친구와함께",날씨좋은날,"포장하기좋은,가벼운식사"
249,피자나라치킨공주.jpeg,피자나라치킨공주,식당,"부산광역시 금정구 금강로 292",051-583-0034,"순살화이트어니언 피치세트",많음,양식,가성비,"낮에,밤에","친절한,패스트푸드,치맥감성","답답해,우울해,기분전환,행복해,평온해,신나,즐거워",친구와함께,"날씨좋은날,추운날,비오는날","식사,포장하기좋은"
250,카페묘한다방.jpeg,카페묘한다방,"식당,술집","부산광역시 금정구 부산대학로 23",010-6585-3179,"큐브스테이크, 쏘닭쏘닭",중간,양식,퀄리티좋은,"낮에,밤에","분위기좋은,친절한,레트로감성,엔틱한,특색있는,빈티지한,치맥감성","머리가복잡해,기분전환,행복해,즐거워,설레,새로워,감성터질때,센치해,외로워","친구와함께,애인과함께,혼자서","날씨좋은날,추운날,비오는날","술마시기좋은,데이트하기좋은"
